3P,3P%,3PA,3PAr,AST,AST/TOV,Away_Score,BLK,DRB,DRB_Pct_of_TRB,FG,FG%,FG2,FG2%,FG2A,FGA,FT,FT%,FTA,FTr,Game_Date,Game_Result,Game_URL,Home/Away,Home_Score,MP,ORB,ORB_Pct_of_TRB,Opponent,Opponent_1,Opponent_10,Opponent_10_MP,Opponent_11,Opponent_11_MP,Opponent_12,Opponent_12_MP,Opponent_13,Opponent_13_MP,Opponent_14,Opponent_14_MP,Opponent_15,Opponent_15_MP,Opponent_1_MP,Opponent_2,Opponent_2_MP,Opponent_3,Opponent_3_MP,Opponent_4,Opponent_4_MP,Opponent_5,Opponent_5_MP,Opponent_6,Opponent_6_MP,Opponent_7,Opponent_7_MP,Opponent_8,Opponent_8_MP,Opponent_9,Opponent_9_MP,Opponent_Score,PF,PTS,PTS_2P,PTS_2P_Pct,PTS_3P,PTS_3P_Pct,PTS_FT,PTS_FT_Pct,Player,Point_Differential,STL,Season,Stocks,TOV,TRB,Team,Team_Score,Teammate_1,Teammate_10,Teammate_10_MP,Teammate_11,Teammate_11_MP,Teammate_12,Teammate_12_MP,Teammate_13,Teammate_13_MP,Teammate_14,Teammate_14_MP,Teammate_15,Teammate_15_MP,Teammate_1_MP,Teammate_2,Teammate_2_MP,Teammate_3,Teammate_3_MP,Teammate_4,Teammate_4_MP,Teammate_5,Teammate_5_MP,Teammate_6,Teammate_6_MP,Teammate_7,Teammate_7_MP,Teammate_8,Teammate_8_MP,Teammate_9,Teammate_9_MP
0,,0,0.000,1,,86,0,1,100.0,1,.333,1.0,33.3,3.0,3,1,.500,2,66.667,Logos via Sports Logos.net / About logos,W,https://www.basketball-reference.com/boxscores/202110250LAC.html,Home,116,8:50,0,0.0,POR,CJ McCollum,Ben McLemore,10:53,Greg Brown III,8:50,CJ Elleby,8:50,,,,,,,32:25,Nassir Little,31:50,Damian Lillard,27:50,Robert Covington,23:40,Jusuf Nurkić,23:26,Anfernee Simons,20:27,Dennis Smith Jr.,20:24,Larry Nance Jr.,18:21,Cody Zeller,13:03,86,1,3,2.0,66.7,0.0,0.0,1.0,33.3,Brandon Boston Jr.,30,0,2021-2022,0.0,0,1.0,LAC,116,Reggie Jackson,Amir Coffey,12:00,Jay Scrubb,8:50,,,,,,,,,26:41,Paul George,26:35,Ivica Zubac,24:59,Terance Mann,24:39,Luke Kennard,24:03,Eric Bledsoe,22:23,Nicolas Batum,22:11,Justise Winslow,21:25,Isaiah Hartenstein,17:23
0,,0,0.000,0,,104,0,0,,0,.000,0.0,0.0,1.0,1,0,,0,0.000,Logos via Sports Logos.net / About logos,W,https://www.basketball-reference.com/boxscores/202111050MIN.html,Away,84,3:17,0,,MIN,Malik Beasley,Jaylen Nowell,9:16,Nathan Knight,3:17,Leandro Bolmaro,3:17,Jake Layman,3:17,,,,,35:54,Karl-Anthony Towns,31:49,Anthony Edwards,31:38,Patrick Beverley,27:21,Taurean Prince,24:10,Jarred Vanderbilt,22:19,Jordan McLaughlin,18:35,Naz Reid,16:11,Jaden McDaniels,12:56,84,0,0,0.0,,0.0,,0.0,,Brandon Boston Jr.,20,1,2021-2022,1.0,0,0.0,LAC,104,Paul George,Justise Winslow,3:17,,,,,,,,,,,37:50,Reggie Jackson,36:54,Ivica Zubac,30:54,Terance Mann,30:08,Eric Bledsoe,29:14,Nicolas Batum,29:06,Luke Kennard,20:57,Isaiah Hartenstein,15:06,Amir Coffey,3:17
0,,0,,0,,106,0,0,,0,,0.0,,0.0,0,0,,0,,Logos via Sports Logos.net / About logos,W,https://www.basketball-reference.com/boxscores/202111070LAC.html,Home,120,0:41,0,,CHO,Miles Bridges,James Bouknight,0:41,Kai Jones,0:41,Jalen McDaniels,0:41,,,,,,,36:41,Gordon Hayward,35:47,Terry Rozier,32:42,LaMelo Ball,31:35,Cody Martin,30:16,Kelly Oubre Jr.,28:14,Mason Plumlee,24:37,Nick Richards,13:21,Ish Smith,4:42,106,0,0,0.0,,0.0,,0.0,,Brandon Boston Jr.,14,0,2021-2022,0.0,0,0.0,LAC,120,Paul George,Justise Winslow,3:46,Keon Johnson,0:41,,,,,,,,,37:40,Reggie Jackson,35:31,Terance Mann,34:15,Nicolas Batum,28:07,Ivica Zubac,27:54,Luke Kennard,27:49,Eric Bledsoe,24:10,Isaiah Hartenstein,11:06,Serge Ibaka,8:19
0,,0,,0,,109,0,0,,0,,0.0,,0.0,0,0,,0,,Logos via Sports Logos.net / About logos,W,https://www.basketball-reference.com/boxscores/202111090LAC.html,Home,117,0:25,0,,POR,Damian Lillard,Tony Snell,7:57,,,,,,,,,,,38:57,Robert Covington,38:57,CJ McCollum,33:40,Norman Powell,32:06,Jusuf Nurkić,26:49,Anfernee Simons,23:23,Nassir Little,15:54,Cody Zeller,13:14,Larry Nance Jr.,9:03,109,0,0,0.0,,0.0,,0.0,,Brandon Boston Jr.,8,0,2021-2022,0.0,0,0.0,LAC,117,Reggie Jackson,Justise Winslow,4:58,Amir Coffey,0:25,,,,,,,,,34:59,Paul George,32:49,Terance Mann,32:42,Eric Bledsoe,31:21,Nicolas Batum,28:48,Luke Kennard,26:30,Ivica Zubac,24:08,Isaiah Hartenstein,17:24,Serge Ibaka,5:31
2,.500,4,57.143,1,1.00,92,0,4,100.0,4,.571,2.0,66.7,3.0,7,3,1.000,3,42.857,Logos via Sports Logos.net / About logos,W,https://www.basketball-reference.com/boxscores/202111160LAC.html,Home,106,19:46,0,0.0,SAS,Dejounte Murray,Tre Jones,9:16,,,,,,,,,,,38:32,Keldon Johnson,33:23,Derrick White,31:30,Doug McDermott,28:55,Drew Eubanks,24:07,Thaddeus Young,23:53,Devin Vassell,19:06,Lonnie Walker IV,19:05,Bryn Forbes,12:13,92,0,13,4.0,30.8,6.0,46.2,3.0,23.1,Brandon Boston Jr.,14,1,2021-2022,1.0,1,4.0,LAC,106,Reggie Jackson,,,,,,,,,,,,,37:35,Paul George,33:54,Ivica Zubac,31:20,Luke Kennard,30:43,Eric Bledsoe,30:10,Amir Coffey,24:50,Isaiah Hartenstein,16:40,Nicolas Batum,13:56,Jay Scrubb,1:05
0,.000,2,22.222,1,1.00,108,1,2,100.0,2,.222,2.0,28.6,7.0,9,0,,0,0.000,Logos via Sports Logos.net / About logos,L,https://www.basketball-reference.com/boxscores/202111180MEM.html,Away,120,20:18,0,0.0,MEM,Ja Morant,Ziaire Williams,12:30,Xavier Tillman Sr.,2:10,Santi Aldama,2:10,John Konchar,2:10,Sam Merrill,2:10,Killian Tillie,2:10,31:15,Jaren Jackson Jr.,29:26,Desmond Bane,28:44,Steven Adams,26:48,Dillon Brooks,26:35,De'Anthony Melton,22:51,Kyle Anderson,21:45,Brandon Clarke,14:41,Tyus Jones,14:35,120,1,4,4.0,100.0,0.0,0.0,0.0,0.0,Brandon Boston Jr.,12,2,2021-2022,3.0,1,2.0,LAC,108,Paul George,,,,,,,,,,,,,31:13,Reggie Jackson,30:22,Amir Coffey,28:58,Ivica Zubac,26:53,Eric Bledsoe,24:55,Terance Mann,24:29,Luke Kennard,24:16,Isaiah Hartenstein,20:07,Jay Scrubb,8:29
0,,0,0.000,0,,81,0,0,,0,.000,0.0,0.0,1.0,1,0,,0,0.000,Logos via Sports Logos.net / About logos,L,https://www.basketball-reference.com/boxscores/202111190NOP.html,Away,94,1:34,0,,NOP,Brandon Ingram,Trey Murphy III,1:11,,,,,,,,,,,39:07,Jonas Valančiūnas,38:15,Josh Hart,35:08,Nickeil Alexander-Walker,27:04,Herbert Jones,26:57,Tomáš Satoranský,25:25,Kira Lewis Jr.,22:35,Garrett Temple,14:33,Jaxson Hayes,9:45,94,0,0,0.0,,0.0,,0.0,,Brandon Boston Jr.,13,0,2021-2022,0.0,0,0.0,LAC,81,Paul George,Jay Scrubb,1:34,,,,,,,,,,,34:38,Nicolas Batum,30:47,Luke Kennard,30:14,Ivica Zubac,28:24,Eric Bledsoe,27:38,Terance Mann,26:31,Reggie Jackson,25:20,Isaiah Hartenstein,19:25,Amir Coffey,13:55
0,.000,1,100.000,0,,123,0,0,,0,.000,0.0,,0.0,1,0,,0,0.000,Logos via Sports Logos.net / About logos,L,https://www.basketball-reference.com/boxscores/202111290LAC.html,Home,104,2:56,0,,NOP,Brandon Ingram,Garrett Temple,9:49,Trey Murphy III,2:25,Naji Marshall,2:25,,,,,,,34:14,Herbert Jones,33:50,Josh Hart,33:08,Jonas Valančiūnas,32:22,Devonte' Graham,29:36,Nickeil Alexander-Walker,24:12,Willy Hernangómez,15:38,Kira Lewis Jr.,12:06,Tomáš Satoranský,10:15,123,0,0,0.0,,0.0,,0.0,,Brandon Boston Jr.,19,0,2021-2022,0.0,0,0.0,LAC,104,Reggie Jackson,Keon Johnson,2:56,,,,,,,,,,,34:47,Paul George,33:54,Terance Mann,28:43,Eric Bledsoe,28:42,Luke Kennard,26:24,Serge Ibaka,25:49,Amir Coffey,24:10,Ivica Zubac,17:33,Isaiah Hartenstein,14:06
1,.333,3,30.000,1,0.50,124,2,2,66.7,5,.500,4.0,57.1,7.0,10,2,1.000,2,20.000,Logos via Sports Logos.net / About logos,L,https://www.basketball-reference.com/boxscores/202112010LAC.html,Home,115,23:42,1,33.3,SAC,Tyrese Haliburton,,,,,,,,,,,,,40:06,De'Aaron Fox,36:05,Richaun Holmes,32:46,Terence Davis,29:54,Davion Mitchell,28:29,Chimezie Metu,22:40,Buddy Hield,21:46,Alex Len,14:43,Louis King,13:31,124,2,13,8.0,61.5,3.0,23.1,2.0,15.4,Brandon Boston Jr.,9,1,2021-2022,3.0,2,3.0,LAC,115,Luke Kennard,Keon Johnson,12:12,Justise Winslow,6:10,,,,,,,,,28:49,Reggie Jackson,27:03,Terance Mann,25:52,Ivica Zubac,23:44,Marcus Morris,21:34,Eric Bledsoe,19:04,Serge Ibaka,18:38,Isaiah Hartenstein,17:35,Jay Scrubb,15:37
0,,0,0.000,0,0.00,119,0,0,,0,.000,0.0,0.0,1.0,1,2,1.000,2,200.000,Logos via Sports Logos.net / About logos,W,https://www.basketball-reference.com/boxscores/202112030LAL.html,Away,115,6:57,0,,LAL,Anthony Davis,,,,,,,,,,,,,36:18,LeBron James,36:15,Russell Westbrook,36:15,Malik Monk,29:04,Talen Horton-Tucker,27:43,Carmelo Anthony,24:41,Dwight Howard,20:48,Wayne Ellington,19:57,Austin Reaves,8:59,115,1,2,0.0,0.0,0.0,0.0,2.0,100.0,Brandon Boston Jr.,4,0,2021-2022,0.0,1,0.0,LAC,119,Paul George,,,,,,,,,,,,,39:28,Reggie Jackson,35:40,Marcus Morris,32:53,Serge Ibaka,28:57,Luke Kennard,23:30,Ivica Zubac,22:20,Eric Bledsoe,17:45,Terance Mann,16:24,Isaiah Hartenstein,16:06
0,,0,0.000,0,0.00,99,0,1,100.0,1,.500,1.0,50.0,2.0,2,4,1.000,4,200.000,Logos via Sports Logos.net / About logos,L,https://www.basketball-reference.com/boxscores/202112040SAC.html,Away,104,12:52,0,0.0,SAC,Tyrese Haliburton,Tristan Thompson,8:36,,,,,,,,,,,37:29,De'Aaron Fox,36:37,Terence Davis,28:34,Davion Mitchell,27:30,Richaun Holmes,27:00,Chimezie Metu,22:35,Marvin Bagley III,19:39,Buddy Hield,19:36,Alex Len,12:24,104,3,6,2.0,33.3,0.0,0.0,4.0,66.7,Brandon Boston Jr.,5,0,2021-2022,0.0,1,1.0,LAC,99,Paul George,,,,,,,,,,,,,37:48,Marcus Morris,31:41,Reggie Jackson,31:30,Ivica Zubac,29:11,Luke Kennard,27:01,Terance Mann,24:39,Eric Bledsoe,18:12,Isaiah Hartenstein,14:26,Serge Ibaka,12:40
3,.500,6,54.545,0,0.00,102,0,1,100.0,5,.455,2.0,40.0,5.0,11,0,,0,0.000,Logos via Sports Logos.net / About logos,W,https://www.basketball-reference.com/boxscores/202112060POR.html,Away,90,19:39,0,0.0,POR,Norman Powell,,,,,,,,,,,,,43:56,Dennis Smith Jr.,38:35,Larry Nance Jr.,31:58,Tony Snell,31:51,Jusuf Nurkić,30:03,Robert Covington,30:02,Cody Zeller,16:28,CJ Elleby,9:25,Ben McLemore,7:42,90,0,13,4.0,30.8,9.0,69.2,0.0,0.0,Brandon Boston Jr.,12,0,2021-2022,0.0,3,1.0,LAC,102,Paul George,,,,,,,,,,,,,38:35,Luke Kennard,36:20,Reggie Jackson,32:23,Marcus Morris,31:13,Ivica Zubac,27:41,Terance Mann,18:13,Eric Bledsoe,15:37,Isaiah Hartenstein,13:07,Serge Ibaka,7:12
5,.625,8,61.538,0,0.00,111,0,2,100.0,9,.692,4.0,80.0,5.0,13,4,1.000,4,30.769,Logos via Sports Logos.net / About logos,W,https://www.basketball-reference.com/boxscores/202112080LAC.html,Home,114,25:16,0,0.0,BOS,Dennis Schröder,Aaron Nesmith,3:37,,,,,,,,,,,38:00,Marcus Smart,37:03,Jayson Tatum,36:28,Al Horford,34:40,Josh Richardson,30:14,Grant Williams,23:55,Robert Williams,20:05,Romeo Langford,10:46,Enes Freedom,5:12,111,2,27,8.0,29.6,15.0,55.6,4.0,14.8,Brandon Boston Jr.,3,4,2021-2022,4.0,2,2.0,LAC,114,Reggie Jackson,,,,,,,,,,,,,37:27,Marcus Morris,34:54,Terance Mann,32:06,Ivica Zubac,31:40,Luke Kennard,28:57,Eric Bledsoe,19:17,Isaiah Hartenstein,15:21,Nicolas Batum,14:34,Justise Winslow,0:28
1,.250,4,36.364,2,,104,0,5,100.0,3,.273,2.0,28.6,7.0,11,0,,0,0.000,Logos via Sports Logos.net / About logos,W,https://www.basketball-reference.com/boxscores/202112110LAC.html,Home,106,23:45,0,0.0,ORL,Cole Anthony,,,,,,,,,,,,,34:26,Gary Harris,34:26,Franz Wagner,33:31,Wendell Carter Jr.,33:19,Mo Bamba,29:28,Terrence Ross,25:57,Moritz Wagner,19:36,Chuma Okeke,15:42,R.J. Hampton,13:34,104,2,7,4.0,57.1,3.0,42.9,0.0,0.0,Brandon Boston Jr.,2,1,2021-2022,1.0,0,5.0,LAC,106,Luke Kennard,,,,,,,,,,,,,36:26,Terance Mann,35:24,Reggie Jackson,31:50,Ivica Zubac,27:42,Eric Bledsoe,25:00,Marcus Morris,24:15,Isaiah Hartenstein,20:15,Justise Winslow,15:20,,
0,.000,3,75.000,1,,95,0,3,100.0,0,.000,0.0,0.0,1.0,4,0,.000,2,50.000,Logos via Sports Logos.net / About logos,W,https://www.basketball-reference.com/boxscores/202112130LAC.html,Home,111,16:13,0,0.0,PHO,Cameron Johnson,Chandler Hutchison,2:38,,,,,,,,,,,34:11,Chris Paul,33:18,Mikal Bridges,32:43,Cameron Payne,28:35,Landry Shamet,25:59,JaVale McGee,25:10,Jae Crowder,24:39,Elfrid Payton,17:58,Ish Wainright,14:49,95,0,0,0.0,,0.0,,0.0,,Brandon Boston Jr.,16,0,2021-2022,0.0,0,3.0,LAC,111,Terance Mann,,,,,,,,,,,,,38:23,Luke Kennard,34:25,Marcus Morris,33:25,Reggie Jackson,30:23,Ivica Zubac,24:34,Eric Bledsoe,24:11,Isaiah Hartenstein,23:01,Justise Winslow,12:40,Keon Johnson,2:45
0,.000,4,80.000,0,,103,0,3,100.0,1,.200,1.0,100.0,1.0,5,2,1.000,2,40.000,Logos via Sports Logos.net / About logos,L,https://www.basketball-reference.com/boxscores/202112150UTA.html,Away,124,16:16,0,0.0,UTA,Donovan Mitchell,Trent Forrest,4:48,Eric Paschall,3:49,Miye Oni,2:17,,,,,,,31:31,Jordan Clarkson,28:50,Rudy Gobert,27:17,Royce O'Neale,26:51,Joe Ingles,26:05,Bojan Bogdanović,25:19,Mike Conley,23:38,Hassan Whiteside,20:43,Rudy Gay,18:52,124,3,4,2.0,50.0,0.0,0.0,2.0,50.0,Brandon Boston Jr.,21,0,2021-2022,0.0,0,3.0,LAC,103,Marcus Morris,Amir Coffey,4:26,Jay Scrubb,4:26,,,,,,,,,32:22,Luke Kennard,31:28,Eric Bledsoe,31:10,Terance Mann,28:44,Reggie Jackson,25:18,Isaiah Hartenstein,24:34,Justise Winslow,18:42,Ivica Zubac,18:08,Keon Johnson,4:26
0,,0,,0,0.00,103,0,0,,0,,0.0,,0.0,0,0,,0,,Logos via Sports Logos.net / About logos,L,https://www.basketball-reference.com/boxscores/202112180OKC.html,Away,104,4:43,0,,OKC,Luguentz Dort,Derrick Favors,11:54,Aleksej Pokusevski,9:11,,,,,,,,,36:33,Shai Gilgeous-Alexander,35:49,Josh Giddey,31:32,Darius Bazley,24:24,Kenrich Williams,21:36,Aaron Wiggins,18:27,Tre Mann,18:27,Jeremiah Robinson-Earl,17:52,Mike Muscala,14:15,104,0,0,0.0,,0.0,,0.0,,Brandon Boston Jr.,1,1,2021-2022,1.0,1,0.0,LAC,103,Terance Mann,,,,,,,,,,,,,40:36,Luke Kennard,39:23,Reggie Jackson,33:50,Justise Winslow,25:41,Nicolas Batum,25:06,Ivica Zubac,24:05,Eric Bledsoe,21:04,Isaiah Hartenstein,19:06,Amir Coffey,6:26
0,.000,2,15.385,0,0.00,116,1,1,33.3,4,.308,4.0,36.4,11.0,13,0,,0,0.000,Logos via Sports Logos.net / About logos,L,https://www.basketball-reference.com/boxscores/202112200LAC.html,Home,92,22:48,2,66.7,SAS,Keldon Johnson,Tre Jones,11:32,Keita Bates-Diop,3:58,Drew Eubanks,3:58,,,,,,,31:45,Dejounte Murray,31:13,Derrick White,30:17,Jakob Poeltl,29:33,Devin Vassell,25:31,Doug McDermott,25:17,Bryn Forbes,17:31,Lonnie Walker IV,14:56,Jock Landale,14:29,116,1,8,8.0,100.0,0.0,0.0,0.0,0.0,Brandon Boston Jr.,24,1,2021-2022,2.0,1,3.0,LAC,92,Terance Mann,,,,,,,,,,,,,36:35,Paul George,30:30,Luke Kennard,27:53,Ivica Zubac,27:21,Eric Bledsoe,24:19,Serge Ibaka,22:02,Reggie Jackson,20:07,Nicolas Batum,17:17,Justise Winslow,11:08
0,.000,3,27.273,2,,105,0,4,100.0,3,.273,3.0,37.5,8.0,11,2,1.000,2,18.182,Logos via Sports Logos.net / About logos,W,https://www.basketball-reference.com/boxscores/202112220SAC.html,Away,89,22:32,0,0.0,SAC,Buddy Hield,Jahmi'us Ramsey,1:28,Ade Murkey,1:28,Robert Woodard II,1:28,,,,,,,43:20,Tyrese Haliburton,43:10,Harrison Barnes,39:42,Chimezie Metu,31:04,Tristan Thompson,23:39,Maurice Harkless,22:18,Richaun Holmes,16:56,Emmanuel Mudiay,8:02,Damian Jones,7:25,89,0,8,6.0,75.0,0.0,0.0,2.0,25.0,Brandon Boston Jr.,16,0,2021-2022,0.0,0,4.0,LAC,105,Eric Bledsoe,Jay Scrubb,1:28,Moses Wright,1:28,,,,,,,,,36:04,Paul George,32:15,Terance Mann,31:53,Ivica Zubac,26:39,Amir Coffey,24:56,Nicolas Batum,21:03,Serge Ibaka,19:46,Keon Johnson,14:35,Justise Winslow,7:21
2,.400,5,33.333,2,1.00,103,0,2,100.0,6,.400,4.0,40.0,10.0,15,4,.800,5,33.333,Logos via Sports Logos.net / About logos,L,https://www.basketball-reference.com/boxscores/202112260LAC.html,Home,100,33:06,0,0.0,DEN,Nikola Jokić,JaMychal Green,10:30,,,,,,,,,,,37:30,Will Barton,35:48,Monte Morris,32:14,Austin Rivers,30:40,Davon Reed,26:11,Jeff Green,20:27,Facundo Campazzo,16:52,Vlatko Čančar,15:14,Bones Hyland,14:34,103,0,18,8.0,44.4,6.0,33.3,4.0,22.2,Brandon Boston Jr.,3,0,2021-2022,0.0,2,2.0,LAC,100,Eric Bledsoe,,,,,,,,,,,,,36:56,Terance Mann,36:22,Nicolas Batum,29:57,Ivica Zubac,27:22,Amir Coffey,23:16,Serge Ibaka,19:03,Luke Kennard,17:26,Keon Johnson,11:06,Justise Winslow,5:26
1,.200,5,45.455,4,4.00,124,0,3,60.0,3,.273,2.0,33.3,6.0,11,2,.667,3,27.273,Logos via Sports Logos.net / About logos,L,https://www.basketball-reference.com/boxscores/202112270LAC.html,Home,108,27:29,2,40.0,BRK,James Harden,Paul Millsap,9:31,James Ennis III,1:16,Wenyen Gabriel,1:16,Shaquille Harrison,1:16,,,,,40:04,Patty Mills,34:46,Nic Claxton,30:21,DeAndre' Bembry,28:49,Bruce Brown,27:32,James Johnson,23:53,Blake Griffin,16:23,Langston Galloway,12:50,Jevon Carter,12:03,124,0,9,4.0,44.4,3.0,33.3,2.0,22.2,Brandon Boston Jr.,16,1,2021-2022,1.0,1,5.0,LAC,108,Eric Bledsoe,Xavier Moon,12:00,,,,,,,,,,,28:02,Marcus Morris,27:05,Terance Mann,25:56,Amir Coffey,25:23,Luke Kennard,24:27,Ivica Zubac,21:45,Keon Johnson,17:13,Justise Winslow,17:10,Serge Ibaka,13:30
0,.000,1,8.333,1,1.00,89,1,2,66.7,4,.333,4.0,36.4,11.0,12,2,1.000,2,16.667,Logos via Sports Logos.net / About logos,L,https://www.basketball-reference.com/boxscores/202201060PHO.html,Away,106,19:56,1,33.3,PHO,Mikal Bridges,Justin Jackson,5:51,Paris Bass,1:56,,,,,,,,,39:30,Cameron Johnson,35:28,Chris Paul,34:21,Devin Booker,33:28,Jalen Smith,32:47,Cameron Payne,17:46,Elfrid Payton,14:32,Bismack Biyombo,13:17,Ish Wainright,11:04,106,0,10,8.0,80.0,0.0,0.0,2.0,20.0,Brandon Boston Jr.,17,2,2021-2022,3.0,1,3.0,LAC,89,Eric Bledsoe,Wenyen Gabriel,2:06,Keon Johnson,2:06,,,,,,,,,35:45,Marcus Morris,35:34,Terance Mann,33:06,Reggie Jackson,31:24,Amir Coffey,26:55,Serge Ibaka,19:44,Nicolas Batum,17:36,Justise Winslow,13:42,Jay Scrubb,2:06
1,.250,4,30.769,2,,123,0,5,100.0,5,.385,4.0,44.4,9.0,13,2,.667,3,23.077,Logos via Sports Logos.net / About logos,L,https://www.basketball-reference.com/boxscores/202201080LAC.html,Home,108,25:49,0,0.0,MEM,Tyus Jones,Dillon Brooks,6:51,Jon Teske,3:36,DaQuan Jeffries,3:32,Dakota Mathias,3:32,,,,,30:30,Jaren Jackson Jr.,29:13,Desmond Bane,29:12,Brandon Clarke,27:46,De'Anthony Melton,23:09,Killian Tillie,21:54,Jarrett Culver,21:26,Santi Aldama,20:01,Ziaire Williams,19:18,123,1,13,8.0,61.5,3.0,23.1,2.0,15.4,Brandon Boston Jr.,15,1,2021-2022,1.0,0,5.0,LAC,108,Marcus Morris,Jay Scrubb,8:53,Serge Ibaka,7:57,Wenyen Gabriel,7:28,,,,,,,28:44,Terance Mann,26:34,Reggie Jackson,25:36,Amir Coffey,21:44,Nicolas Batum,19:56,Eric Bledsoe,19:16,Ivica Zubac,18:51,Justise Winslow,18:28,Keon Johnson,10:44
0,.000,3,50.000,1,1.00,93,1,3,75.0,0,.000,0.0,0.0,3.0,6,2,1.000,2,33.333,Logos via Sports Logos.net / About logos,W,https://www.basketball-reference.com/boxscores/202201090LAC.html,Home,106,16:07,1,25.0,ATL,Onyeka Okongwu,Jalen Johnson,2:27,Skylar Mays,2:27,,,,,,,,,37:54,Kevin Huerter,34:52,Trae Young,34:25,John Collins,34:00,Bogdan Bogdanović,31:05,Timothé Luwawu-Cabarrot,23:26,Danilo Gallinari,18:23,Delon Wright,17:47,Cam Reddish,3:14,93,0,2,0.0,0.0,0.0,0.0,2.0,100.0,Brandon Boston Jr.,13,0,2021-2022,1.0,1,4.0,LAC,106,Amir Coffey,Keon Johnson,2:27,Jay Scrubb,2:27,Xavier Moon,1:32,,,,,,,33:05,Terance Mann,33:03,Nicolas Batum,30:14,Eric Bledsoe,26:29,Marcus Morris,25:20,Ivica Zubac,24:53,Reggie Jackson,21:16,Serge Ibaka,20:40,Wenyen Gabriel,2:27
0,,0,0.000,0,,85,0,3,100.0,3,.750,3.0,75.0,4.0,4,2,1.000,2,50.000,Logos via Sports Logos.net / About logos,W,https://www.basketball-reference.com/boxscores/202201110LAC.html,Home,87,19:42,0,0.0,DEN,Nikola Jokić,Bones Hyland,8:28,James Ennis III,4:20,,,,,,,,,36:38,Aaron Gordon,34:39,Monte Morris,34:11,Austin Rivers,29:43,Facundo Campazzo,28:09,Jeff Green,21:11,JaMychal Green,17:36,Davon Reed,13:43,Zeke Nnaji,11:22,85,0,8,6.0,75.0,0.0,0.0,2.0,25.0,Brandon Boston Jr.,2,0,2021-2022,0.0,0,3.0,LAC,87,Amir Coffey,,,,,,,,,,,,,43:08,Marcus Morris,34:38,Reggie Jackson,31:25,Terance Mann,27:36,Eric Bledsoe,25:54,Nicolas Batum,25:49,Serge Ibaka,21:59,Ivica Zubac,9:49,,
1,.333,3,37.500,2,2.00,89,1,5,100.0,3,.375,2.0,40.0,5.0,8,3,1.000,3,37.500,Logos via Sports Logos.net / About logos,L,https://www.basketball-reference.com/boxscores/202201130NOP.html,Away,113,22:31,0,0.0,NOP,Josh Hart,Gary Clark,5:42,Naji Marshall,2:39,Trey Murphy III,2:39,,,,,,,34:09,Brandon Ingram,33:19,Devonte' Graham,33:12,Herbert Jones,32:09,Jonas Valančiūnas,31:50,Nickeil Alexander-Walker,20:37,Jaxson Hayes,16:10,Jose Alvarado,14:48,Garrett Temple,12:46,113,0,10,4.0,40.0,3.0,30.0,3.0,30.0,Brandon Boston Jr.,24,0,2021-2022,1.0,1,5.0,LAC,89,Terance Mann,Eric Bledsoe,9:14,Wenyen Gabriel,4:26,,,,,,,,,31:07,Amir Coffey,25:41,Reggie Jackson,25:29,Nicolas Batum,23:39,Marcus Morris,22:53,Jay Scrubb,20:34,Serge Ibaka,19:55,Ivica Zubac,19:54,Xavier Moon,14:37
0,.000,2,22.222,3,3.00,94,0,3,50.0,2,.222,2.0,28.6,7.0,9,0,,0,0.000,Logos via Sports Logos.net / About logos,L,https://www.basketball-reference.com/boxscores/202201150SAS.html,Away,101,17:06,3,50.0,SAS,Dejounte Murray,Joshua Primo,5:30,,,,,,,,,,,36:08,Keldon Johnson,33:20,Devin Vassell,30:40,Jock Landale,25:43,Derrick White,25:04,Doug McDermott,23:11,Keita Bates-Diop,21:59,Lonnie Walker IV,19:32,Drew Eubanks,18:53,101,3,4,4.0,100.0,0.0,0.0,0.0,0.0,Brandon Boston Jr.,7,1,2021-2022,1.0,1,6.0,LAC,94,Marcus Morris,,,,,,,,,,,,,36:47,Amir Coffey,32:06,Terance Mann,30:36,Nicolas Batum,27:21,Eric Bledsoe,26:16,Reggie Jackson,25:12,Ivica Zubac,20:48,Serge Ibaka,18:04,Isaiah Hartenstein,5:44
0,.000,2,28.571,0,0.00,133,0,3,100.0,2,.286,2.0,40.0,5.0,7,0,,0,0.000,Logos via Sports Logos.net / About logos,W,https://www.basketball-reference.com/boxscores/202201170LAC.html,Home,139,10:29,0,0.0,IND,Caris LeVert,Keifer Sykes,2:41,,,,,,,,,,,34:42,Domantas Sabonis,34:25,Chris Duarte,34:17,Justin Holiday,31:35,Duane Washington Jr.,26:40,Goga Bitadze,24:38,Oshae Brissett,21:59,Torrey Craig,15:00,Lance Stephenson,14:03,133,0,4,4.0,100.0,0.0,0.0,0.0,0.0,Brandon Boston Jr.,6,0,2021-2022,0.0,2,3.0,LAC,139,Marcus Morris,,,,,,,,,,,,,38:18,Nicolas Batum,36:16,Amir Coffey,35:59,Reggie Jackson,32:26,Ivica Zubac,25:29,Terance Mann,20:18,Eric Bledsoe,19:05,Isaiah Hartenstein,14:40,Serge Ibaka,7:00
4,.571,7,53.846,2,,128,0,4,100.0,6,.462,2.0,33.3,6.0,13,0,,0,0.000,Logos via Sports Logos.net / About logos,L,https://www.basketball-reference.com/boxscores/202201190DEN.html,Away,130,27:02,0,0.0,DEN,Monte Morris,Austin Rivers,6:44,,,,,,,,,,,44:31,Aaron Gordon,43:40,Will Barton,41:21,Nikola Jokić,41:16,Jeff Green,33:20,Davon Reed,17:35,Bones Hyland,14:35,Zeke Nnaji,12:52,Facundo Campazzo,9:06,130,1,16,4.0,25.0,12.0,75.0,0.0,0.0,Brandon Boston Jr.,2,0,2021-2022,0.0,0,4.0,LAC,128,Terance Mann,,,,,,,,,,,,,38:54,Reggie Jackson,38:14,Ivica Zubac,37:20,Amir Coffey,30:58,Luke Kennard,26:38,Eric Bledsoe,25:11,Serge Ibaka,14:16,Justise Winslow,13:53,Isaiah Hartenstein,12:34
0,.000,1,25.000,1,,102,0,3,100.0,0,.000,0.0,0.0,3.0,4,0,,0,0.000,Logos via Sports Logos.net / About logos,W,https://www.basketball-reference.com/boxscores/202201210PHI.html,Away,101,13:54,0,0.0,PHI,Tyrese Maxey,,,,,,,,,,,,,45:34,Tobias Harris,40:21,Furkan Korkmaz,38:53,Joel Embiid,36:32,Georges Niang,30:13,Charlie Brown Jr.,22:20,Isaiah Joe,14:38,Andre Drummond,11:28,,,101,2,0,0.0,,0.0,,0.0,,Brandon Boston Jr.,1,0,2021-2022,0.0,0,3.0,LAC,102,Amir Coffey,Serge Ibaka,5:32,,,,,,,,,,,34:20,Marcus Morris,30:07,Nicolas Batum,29:49,Reggie Jackson,29:10,Ivica Zubac,23:44,Luke Kennard,20:31,Eric Bledsoe,18:49,Terance Mann,18:29,Isaiah Hartenstein,15:32
2,.333,6,66.667,1,,102,1,3,100.0,4,.444,2.0,66.7,3.0,9,3,.750,4,44.444,Logos via Sports Logos.net / About logos,L,https://www.basketball-reference.com/boxscores/202201230NYK.html,Away,110,24:20,0,0.0,NYK,RJ Barrett,Taj Gibson,5:35,Cam Reddish,5:23,,,,,,,,,42:37,Julius Randle,40:05,Alec Burks,29:41,Evan Fournier,28:05,Nerlens Noel,26:18,Quentin Grimes,19:55,Immanuel Quickley,18:19,Mitchell Robinson,16:07,Obi Toppin,7:55,110,2,13,4.0,30.8,6.0,46.2,3.0,23.1,Brandon Boston Jr.,8,0,2021-2022,1.0,0,3.0,LAC,102,Reggie Jackson,Isaiah Hartenstein,3:47,,,,,,,,,,,32:48,Ivica Zubac,29:29,Luke Kennard,28:14,Nicolas Batum,24:58,Terance Mann,24:32,Marcus Morris,23:47,Amir Coffey,18:09,Eric Bledsoe,15:12,Serge Ibaka,14:44
0,.000,1,14.286,0,0.00,116,0,3,75.0,1,.143,1.0,16.7,6.0,7,3,.750,4,57.143,Logos via Sports Logos.net / About logos,W,https://www.basketball-reference.com/boxscores/202201250WAS.html,Away,115,19:59,1,25.0,WAS,Bradley Beal,Daniel Gafford,12:12,,,,,,,,,,,39:37,Kyle Kuzma,34:37,Spencer Dinwiddie,33:38,Kentavious Caldwell-Pope,29:17,Deni Avdija,21:27,Montrezl Harrell,20:20,Corey Kispert,20:08,Thomas Bryant,15:21,Rui Hachimura,13:23,115,0,5,2.0,40.0,0.0,0.0,3.0,60.0,Brandon Boston Jr.,1,1,2021-2022,1.0,1,4.0,LAC,116,Amir Coffey,Nicolas Batum,8:14,Serge Ibaka,4:07,,,,,,,,,36:48,Terance Mann,32:27,Luke Kennard,29:54,Isaiah Hartenstein,25:39,Justise Winslow,23:09,Jay Scrubb,16:46,Reggie Jackson,15:49,Eric Bledsoe,14:55,Ivica Zubac,12:13
1,1.000,1,33.333,0,0.00,111,0,3,100.0,2,.667,1.0,50.0,2.0,3,0,,0,0.000,Logos via Sports Logos.net / About logos,W,https://www.basketball-reference.com/boxscores/202201260ORL.html,Away,102,9:00,0,0.0,ORL,Jalen Suggs,,,,,,,,,,,,,34:33,Franz Wagner,34:13,Cole Anthony,32:16,Wendell Carter Jr.,31:16,Gary Harris,31:04,Mo Bamba,25:58,Chuma Okeke,17:28,Terrence Ross,16:42,Moritz Wagner,16:29,102,1,5,2.0,40.0,3.0,60.0,0.0,0.0,Brandon Boston Jr.,9,0,2021-2022,0.0,1,3.0,LAC,111,Amir Coffey,Serge Ibaka,5:53,Jay Scrubb,1:39,,,,,,,,,34:18,Luke Kennard,31:31,Terance Mann,26:51,Eric Bledsoe,26:19,Justise Winslow,22:51,Ivica Zubac,22:24,Nicolas Batum,21:37,Isaiah Hartenstein,18:50,Reggie Jackson,18:46
0,,0,0.000,0,0.00,114,1,1,100.0,1,.250,1.0,25.0,4.0,4,2,1.000,2,50.000,Logos via Sports Logos.net / About logos,L,https://www.basketball-reference.com/boxscores/202201280MIA.html,Away,121,12:13,0,0.0,MIA,Jimmy Butler,,,,,,,,,,,,,37:19,Bam Adebayo,35:59,Tyler Herro,33:40,Gabe Vincent,32:56,P.J. Tucker,28:32,Duncan Robinson,25:50,Caleb Martin,19:28,Max Strus,14:15,Dewayne Dedmon,12:01,121,2,4,2.0,50.0,0.0,0.0,2.0,50.0,Brandon Boston Jr.,7,1,2021-2022,2.0,1,1.0,LAC,114,Amir Coffey,Jay Scrubb,4:10,,,,,,,,,,,32:01,Luke Kennard,31:19,Eric Bledsoe,27:18,Justise Winslow,26:25,Terance Mann,25:17,Ivica Zubac,22:47,Nicolas Batum,22:16,Reggie Jackson,20:42,Isaiah Hartenstein,15:32
1,.333,3,21.429,2,,115,0,3,60.0,8,.571,7.0,63.6,11.0,14,2,1.000,2,14.286,Logos via Sports Logos.net / About logos,W,https://www.basketball-reference.com/boxscores/202201300CHO.html,Away,90,21:43,2,40.0,CHO,Terry Rozier,JT Thor,3:15,,,,,,,,,,,39:39,Cody Martin,39:28,LaMelo Ball,37:54,Miles Bridges,37:49,Mason Plumlee,24:28,P.J. Washington,20:09,James Bouknight,19:14,Ish Smith,14:48,Nick Richards,3:15,90,1,19,14.0,73.7,3.0,15.8,2.0,10.5,Brandon Boston Jr.,25,0,2021-2022,0.0,0,5.0,LAC,115,Luke Kennard,Serge Ibaka,6:36,Jay Scrubb,3:48,,,,,,,,,27:29,Reggie Jackson,27:11,Amir Coffey,26:24,Justise Winslow,24:53,Marcus Morris,23:07,Terance Mann,21:28,Isaiah Hartenstein,21:09,Ivica Zubac,20:07,Eric Bledsoe,16:02
1,1.000,1,50.000,1,,116,0,0,,1,.500,0.0,0.0,1.0,2,0,,0,0.000,Logos via Sports Logos.net / About logos,L,https://www.basketball-reference.com/boxscores/202201310IND.html,Away,122,6:09,0,,IND,Caris LeVert,Keifer Sykes,0:12,,,,,,,,,,,35:49,Justin Holiday,33:56,Chris Duarte,29:40,Isaiah Jackson,29:25,Jeremy Lamb,26:47,Torrey Craig,26:45,Duane Washington Jr.,23:51,Terry Taylor,21:10,Lance Stephenson,12:25,122,2,3,0.0,0.0,3.0,100.0,0.0,0.0,Brandon Boston Jr.,6,1,2021-2022,1.0,0,0.0,LAC,116,Amir Coffey,Isaiah Hartenstein,14:17,,,,,,,,,,,35:29,Reggie Jackson,31:06,Marcus Morris,27:23,Nicolas Batum,25:09,Eric Bledsoe,23:24,Terance Mann,22:51,Serge Ibaka,22:25,Justise Winslow,16:07,Luke Kennard,15:40
0,.000,2,50.000,1,,110,0,0,,1,.250,1.0,50.0,2.0,4,0,,0,0.000,Logos via Sports Logos.net / About logos,W,https://www.basketball-reference.com/boxscores/202202030LAC.html,Home,111,10:27,0,,LAL,Anthony Davis,Dwight Howard,10:11,Kent Bazemore,6:41,,,,,,,,,37:49,Russell Westbrook,35:36,Malik Monk,33:06,Austin Reaves,25:20,Stanley Johnson,22:36,Talen Horton-Tucker,20:37,Avery Bradley,19:31,Trevor Ariza,17:26,Carmelo Anthony,11:07,110,2,2,2.0,100.0,0.0,0.0,0.0,0.0,Brandon Boston Jr.,1,0,2021-2022,0.0,0,0.0,LAC,111,Marcus Morris,,,,,,,,,,,,,36:20,Serge Ibaka,33:37,Reggie Jackson,33:05,Luke Kennard,29:28,Nicolas Batum,25:41,Amir Coffey,23:40,Eric Bledsoe,19:45,Isaiah Hartenstein,14:13,Terance Mann,13:44
0,.000,1,50.000,0,,137,0,0,,1,.500,1.0,100.0,1.0,2,0,,0,0.000,Logos via Sports Logos.net / About logos,L,https://www.basketball-reference.com/boxscores/202202060LAC.html,Home,113,3:42,0,,MIL,Jrue Holiday,Jordan Nwora,12:19,Lindell Wigginton,0:36,,,,,,,,,35:32,Khris Middleton,32:09,Giannis Antetokounmpo,30:48,Bobby Portis,29:14,Pat Connaughton,28:26,Wesley Matthews,21:40,Donte DiVincenzo,21:10,Greg Monroe,14:29,Rodney Hood,13:37,137,0,2,2.0,100.0,0.0,0.0,0.0,0.0,Brandon Boston Jr.,24,0,2021-2022,0.0,0,0.0,LAC,113,Marcus Morris,Nicolas Batum,15:54,Isaiah Hartenstein,8:23,,,,,,,,,29:52,Terance Mann,25:12,Reggie Jackson,25:10,Amir Coffey,24:45,Norman Powell,23:59,Robert Covington,23:17,Luke Kennard,22:11,Ivica Zubac,18:53,Serge Ibaka,18:42
0,.000,2,33.333,2,2.00,109,1,1,100.0,2,.333,2.0,50.0,4.0,6,0,,0,0.000,Logos via Sports Logos.net / About logos,L,https://www.basketball-reference.com/boxscores/202202080MEM.html,Away,135,12:00,0,0.0,MEM,De'Anthony Melton,Tyus Jones,16:42,Jarrett Culver,5:25,,,,,,,,,27:30,Ja Morant,25:53,Desmond Bane,25:49,Jaren Jackson Jr.,25:34,Kyle Anderson,24:29,Brandon Clarke,23:34,John Konchar,22:45,Ziaire Williams,21:52,Steven Adams,20:27,135,1,4,4.0,100.0,0.0,0.0,0.0,0.0,Brandon Boston Jr.,26,0,2021-2022,1.0,1,1.0,LAC,109,Robert Covington,Ivica Zubac,14:19,,,,,,,,,,,29:08,Isaiah Hartenstein,27:34,Terance Mann,26:21,Amir Coffey,24:03,Reggie Jackson,23:57,Nicolas Batum,22:46,Norman Powell,22:41,Marcus Morris,21:48,Luke Kennard,15:23
2,1.000,2,66.667,0,,104,1,0,,3,1.000,1.0,100.0,1.0,3,0,,0,0.000,Logos via Sports Logos.net / About logos,W,https://www.basketball-reference.com/boxscores/202202140LAC.html,Home,119,4:25,0,,GSW,Stephen Curry,Gary Payton II,11:18,Nemanja Bjelica,10:56,Juan Toscano-Anderson,7:11,,,,,,,33:49,Jonathan Kuminga,28:05,Andrew Wiggins,27:44,Klay Thompson,26:41,Jordan Poole,25:01,Damion Lee,20:38,Kevon Looney,19:20,Otto Porter Jr.,16:10,Moses Moody,13:07,104,0,8,2.0,25.0,6.0,75.0,0.0,0.0,Brandon Boston Jr.,15,0,2021-2022,1.0,0,0.0,LAC,119,Terance Mann,Semi Ojeleye,4:25,,,,,,,,,,,39:05,Reggie Jackson,37:32,Nicolas Batum,28:35,Marcus Morris,26:45,Robert Covington,26:41,Ivica Zubac,22:38,Isaiah Hartenstein,22:35,Amir Coffey,22:33,Rodney Hood,4:46
0,.000,2,40.000,2,,111,0,2,100.0,2,.400,2.0,66.7,3.0,5,3,.750,4,80.000,Logos via Sports Logos.net / About logos,W,https://www.basketball-reference.com/boxscores/202202170LAC.html,Home,142,11:03,0,0.0,HOU,Garrison Mathews,Bruno Fernando,9:01,,,,,,,,,,,31:11,Jalen Green,30:48,Dennis Schröder,29:52,Jae'Sean Tate,27:48,Josh Christopher,26:24,KJ Martin,25:37,Christian Wood,24:33,David Nwaba,20:20,Alperen Sengun,14:26,111,1,7,4.0,57.1,0.0,0.0,3.0,42.9,Brandon Boston Jr.,31,2,2021-2022,2.0,0,2.0,LAC,142,Terance Mann,Semi Ojeleye,9:01,Rodney Hood,9:01,,,,,,,,,28:19,Reggie Jackson,26:00,Amir Coffey,25:51,Isaiah Hartenstein,25:17,Marcus Morris,25:16,Luke Kennard,22:51,Ivica Zubac,22:43,Nicolas Batum,20:34,Robert Covington,14:03
0,.000,1,50.000,0,,99,0,0,0.0,0,.000,0.0,0.0,1.0,2,0,,0,0.000,Logos via Sports Logos.net / About logos,W,https://www.basketball-reference.com/boxscores/202202270HOU.html,Away,98,4:23,1,100.0,HOU,Jalen Green,,,,,,,,,,,,,37:51,Dennis Schröder,37:44,Jae'Sean Tate,31:44,Christian Wood,31:35,Eric Gordon,30:48,Garrison Mathews,26:09,Alperen Sengun,16:20,KJ Martin,15:06,Josh Christopher,12:43,98,0,0,0.0,,0.0,,0.0,,Brandon Boston Jr.,1,0,2021-2022,0.0,0,1.0,LAC,99,Reggie Jackson,,,,,,,,,,,,,38:05,Ivica Zubac,33:58,Marcus Morris,31:57,Terance Mann,27:25,Amir Coffey,25:01,Robert Covington,24:34,Luke Kennard,23:24,Nicolas Batum,20:50,Isaiah Hartenstein,10:23
1,.500,2,25.000,2,2.00,113,0,3,75.0,4,.500,3.0,50.0,6.0,8,2,1.000,2,25.000,Logos via Sports Logos.net / About logos,W,https://www.basketball-reference.com/boxscores/202203010HOU.html,Away,100,17:52,1,25.0,HOU,Jalen Green,David Nwaba,5:17,,,,,,,,,,,33:27,Dennis Schröder,31:21,Christian Wood,31:15,Garrison Mathews,26:12,Eric Gordon,25:41,KJ Martin,23:31,Josh Christopher,22:02,Alperen Sengun,21:39,Jae'Sean Tate,19:35,100,0,11,6.0,54.5,3.0,27.3,2.0,18.2,Brandon Boston Jr.,13,1,2021-2022,1.0,1,4.0,LAC,113,Terance Mann,Semi Ojeleye,4:16,Rodney Hood,4:16,,,,,,,,,30:08,Marcus Morris,28:06,Reggie Jackson,26:23,Ivica Zubac,24:35,Isaiah Hartenstein,22:28,Nicolas Batum,22:23,Robert Covington,21:51,Luke Kennard,20:21,Amir Coffey,17:21
1,1.000,1,20.000,0,,111,0,1,100.0,2,.400,1.0,25.0,4.0,5,0,,0,0.000,Logos via Sports Logos.net / About logos,W,https://www.basketball-reference.com/boxscores/202203030LAC.html,Home,132,3:55,0,0.0,LAL,LeBron James,Wayne Ellington,11:38,Wenyen Gabriel,3:57,,,,,,,,,37:04,Malik Monk,29:07,Russell Westbrook,28:55,Austin Reaves,26:10,Carmelo Anthony,25:14,D.J. Augustin,21:51,Kent Bazemore,20:12,Stanley Johnson,19:48,Dwight Howard,16:04,111,0,5,2.0,40.0,3.0,60.0,0.0,0.0,Brandon Boston Jr.,21,0,2021-2022,0.0,0,1.0,LAC,132,Reggie Jackson,Rodney Hood,3:57,Semi Ojeleye,3:57,,,,,,,,,35:00,Robert Covington,27:24,Amir Coffey,26:43,Terance Mann,26:25,Ivica Zubac,24:51,Luke Kennard,24:04,Isaiah Hartenstein,23:09,Marcus Morris,21:14,Nicolas Batum,19:21
0,,0,0.000,1,1.00,116,0,0,,1,.500,1.0,50.0,2.0,2,2,.500,4,200.000,Logos via Sports Logos.net / About logos,L,https://www.basketball-reference.com/boxscores/202203060LAC.html,Home,93,8:53,0,,NYK,RJ Barrett,Ryan Arcidiacono,6:03,,,,,,,,,,,32:51,Evan Fournier,29:22,Julius Randle,29:05,Immanuel Quickley,28:05,Alec Burks,26:18,Mitchell Robinson,25:51,Cam Reddish,25:00,Jericho Sims,19:33,Miles McBride,17:52,116,0,4,2.0,50.0,0.0,0.0,2.0,50.0,Brandon Boston Jr.,23,0,2021-2022,0.0,1,0.0,LAC,93,Terance Mann,Semi Ojeleye,8:53,Rodney Hood,8:53,,,,,,,,,31:51,Amir Coffey,30:42,Reggie Jackson,27:20,Luke Kennard,23:44,Marcus Morris,22:37,Isaiah Hartenstein,20:34,Nicolas Batum,19:22,Ivica Zubac,18:42,Robert Covington,18:29
2,.400,5,62.500,2,2.00,97,0,1,100.0,3,.375,1.0,33.3,3.0,8,2,1.000,2,25.000,Logos via Sports Logos.net / About logos,L,https://www.basketball-reference.com/boxscores/202203080GSW.html,Away,112,18:07,0,0.0,GSW,Stephen Curry,Chris Chiozza,1:27,Quinndary Weatherspoon,1:27,,,,,,,,,35:03,Klay Thompson,33:42,Andrew Wiggins,31:09,Moses Moody,29:58,Jordan Poole,29:46,Jonathan Kuminga,26:01,Kevon Looney,21:13,Nemanja Bjelica,19:12,Juan Toscano-Anderson,11:02,112,4,10,2.0,20.0,6.0,60.0,2.0,20.0,Brandon Boston Jr.,15,2,2021-2022,2.0,1,1.0,LAC,97,Amir Coffey,Semi Ojeleye,10:54,,,,,,,,,,,29:44,Reggie Jackson,28:01,Terance Mann,27:30,Nicolas Batum,26:39,Isaiah Hartenstein,25:31,Marcus Morris,23:23,Ivica Zubac,22:29,Luke Kennard,16:48,Rodney Hood,10:54
0,.000,2,66.667,0,0.00,106,0,0,,1,.333,1.0,100.0,1.0,3,0,,0,0.000,Logos via Sports Logos.net / About logos,L,https://www.basketball-reference.com/boxscores/202203110ATL.html,Away,112,6:06,0,,ATL,Trae Young,Delon Wright,5:11,,,,,,,,,,,37:18,Kevin Huerter,36:24,Danilo Gallinari,29:56,Bogdan Bogdanović,27:55,Clint Capela,25:56,De'Andre Hunter,25:38,John Collins,22:58,Onyeka Okongwu,17:09,Lou Williams,11:33,112,1,2,2.0,100.0,0.0,0.0,0.0,0.0,Brandon Boston Jr.,6,0,2021-2022,0.0,1,0.0,LAC,106,Reggie Jackson,,,,,,,,,,,,,39:49,Ivica Zubac,36:17,Amir Coffey,36:00,Nicolas Batum,33:37,Luke Kennard,31:16,Marcus Morris,24:25,Terance Mann,20:46,Isaiah Hartenstein,11:43,,
0,,0,0.000,0,,106,1,0,,1,.333,1.0,33.3,3.0,3,0,,0,0.000,Logos via Sports Logos.net / About logos,W,https://www.basketball-reference.com/boxscores/202203130DET.html,Away,102,7:18,0,,DET,Cade Cunningham,,,,,,,,,,,,,44:05,Jerami Grant,36:55,Cory Joseph,35:25,Saddiq Bey,33:59,Marvin Bagley III,31:34,Isaiah Livers,26:52,Saben Lee,16:30,Kelly Olynyk,14:40,,,102,1,2,2.0,100.0,0.0,0.0,0.0,0.0,Brandon Boston Jr.,4,0,2021-2022,1.0,0,0.0,LAC,106,Reggie Jackson,,,,,,,,,,,,,39:38,Amir Coffey,35:35,Marcus Morris,35:29,Ivica Zubac,30:20,Nicolas Batum,25:52,Luke Kennard,25:27,Terance Mann,23:17,Isaiah Hartenstein,17:04,,
2,.500,4,36.364,3,,111,0,0,,4,.364,2.0,28.6,7.0,11,1,1.000,1,9.091,Logos via Sports Logos.net / About logos,L,https://www.basketball-reference.com/boxscores/202203140CLE.html,Away,120,20:43,0,,CLE,Lauri Markkanen,Cedi Osman,7:32,Ed Davis,6:03,,,,,,,,,46:04,Darius Garland,45:40,Evan Mobley,40:25,Isaac Okoro,39:00,Caris LeVert,25:06,Kevin Love,17:37,Lamar Stevens,12:41,Brandon Goodwin,12:28,Dylan Windler,12:22,120,1,11,4.0,36.4,6.0,54.5,1.0,9.1,Brandon Boston Jr.,9,0,2021-2022,0.0,0,0.0,LAC,111,Terance Mann,,,,,,,,,,,,,44:51,Luke Kennard,40:08,Amir Coffey,39:40,Ivica Zubac,36:11,Nicolas Batum,33:28,Isaiah Hartenstein,19:45,Semi Ojeleye,19:40,Rodney Hood,10:32,,
0,,0,0.000,2,,115,0,2,66.7,3,.750,3.0,75.0,4.0,4,0,,0,0.000,Logos via Sports Logos.net / About logos,L,https://www.basketball-reference.com/boxscores/202203220DEN.html,Away,127,13:55,1,33.3,DEN,Nikola Jokić,Bryn Forbes,12:03,,,,,,,,,,,34:19,Will Barton,34:15,Monte Morris,30:47,Aaron Gordon,30:18,Jeff Green,26:18,Austin Rivers,22:08,JaMychal Green,18:41,Bones Hyland,17:30,DeMarcus Cousins,13:41,127,0,6,6.0,100.0,0.0,0.0,0.0,0.0,Brandon Boston Jr.,12,0,2021-2022,0.0,0,3.0,LAC,115,Terance Mann,Semi Ojeleye,0:10,,,,,,,,,,,35:23,Reggie Jackson,31:52,Luke Kennard,28:51,Marcus Morris,28:41,Isaiah Hartenstein,23:52,Robert Covington,22:05,Amir Coffey,19:11,Nicolas Batum,18:55,Ivica Zubac,17:03
0,.000,2,13.333,5,5.00,88,1,6,85.7,8,.533,8.0,61.5,13.0,15,2,.500,4,26.667,Logos via Sports Logos.net / About logos,W,https://www.basketball-reference.com/boxscores/202204100LAC.html,Home,138,38:17,1,14.3,OKC,Georgios Kalaitzakis,,,,,,,,,,,,,48:00,Zavier Simpson,45:14,Jaylen Hoard,45:13,Melvin Frazier,43:17,Vit Krejci,40:10,Isaiah Roby,18:06,,,,,,,88,1,18,16.0,88.9,0.0,0.0,2.0,11.1,Brandon Boston Jr.,50,1,2021-2022,2.0,1,7.0,LAC,138,Amir Coffey,,,,,,,,,,,,,42:41,Luke Kennard,27:41,Xavier Moon,26:00,Isaiah Hartenstein,24:44,Terance Mann,24:22,Ivica Zubac,23:16,Rodney Hood,20:11,Robert Covington,12:48,,
0,.000,1,100.000,0,,112,0,0,,0,.000,0.0,,0.0,1,0,,0,0.000,Logos via Sports Logos.net / About logos,L,https://www.basketball-reference.com/boxscores/202210230LAC.html,Home,95,2:53,0,,PHO,Mikal Bridges,Damion Lee,12:13,Josh Okogie,1:14,Duane Washington Jr.,1:14,,,,,,,36:29,Devin Booker,34:49,Chris Paul,32:37,Deandre Ayton,28:45,Torrey Craig,24:50,Cameron Johnson,22:36,Jock Landale,17:19,Cameron Payne,14:34,Landry Shamet,13:20,112,0,0,0.0,,0.0,,0.0,,Brandon Boston Jr.,17,0,2022-2023,0.0,0,0.0,LAC,95,Paul George,Nicolas Batum,14:03,Terance Mann,9:22,Moses Brown,2:53,Amir Coffey,2:53,Jason Preston,2:53,,,33:40,Marcus Morris,31:25,Reggie Jackson,23:45,John Wall,21:22,Ivica Zubac,21:20,Norman Powell,20:46,Kawhi Leonard,20:42,Luke Kennard,17:48,Robert Covington,14:15
0,,0,0.000,0,,94,0,0,,3,.750,3.0,75.0,4.0,4,0,,0,0.000,Logos via Sports Logos.net / About logos,L,https://www.basketball-reference.com/boxscores/202210250OKC.html,Away,108,2:39,0,,OKC,Shai Gilgeous-Alexander,Ousmane Dieng,10:19,Isaiah Joe,0:03,,,,,,,,,36:44,Tre Mann,36:21,Aaron Wiggins,28:21,Luguentz Dort,25:55,Kenrich Williams,25:25,Jeremiah Robinson-Earl,22:46,Darius Bazley,19:30,Mike Muscala,17:59,Aleksej Pokusevski,16:37,108,0,6,6.0,100.0,0.0,0.0,0.0,0.0,Brandon Boston Jr.,14,0,2022-2023,0.0,0,0.0,LAC,94,Ivica Zubac,Moses Brown,2:39,,,,,,,,,,,34:42,Norman Powell,30:24,Reggie Jackson,30:00,Luke Kennard,28:58,Amir Coffey,26:26,Terance Mann,25:45,Robert Covington,20:53,John Wall,19:30,Nicolas Batum,18:04
0,,0,,0,,110,0,0,,0,,0.0,,0.0,0,0,,0,,Logos via Sports Logos.net / About logos,L,https://www.basketball-reference.com/boxscores/202210270OKC.html,Away,118,1:47,0,,OKC,Aaron Wiggins,Mike Muscala,11:40,Isaiah Joe,1:10,,,,,,,,,34:50,Luguentz Dort,34:11,Shai Gilgeous-Alexander,34:01,Aleksej Pokusevski,26:24,Kenrich Williams,25:57,Darius Bazley,22:21,Tre Mann,22:12,Jeremiah Robinson-Earl,14:31,Ousmane Dieng,12:43,118,0,0,0.0,,0.0,,0.0,,Brandon Boston Jr.,8,0,2022-2023,0.0,0,0.0,LAC,110,Reggie Jackson,Amir Coffey,5:44,Moses Brown,1:47,Moussa Diabaté,1:47,,,,,,,37:14,Ivica Zubac,34:21,Norman Powell,31:23,Paul George,30:59,Nicolas Batum,21:06,John Wall,20:57,Terance Mann,20:52,Luke Kennard,17:03,Robert Covington,15:00
2,1.000,2,50.000,0,,112,0,0,,2,.500,0.0,0.0,2.0,4,0,,0,0.000,Logos via Sports Logos.net / About logos,L,https://www.basketball-reference.com/boxscores/202210300LAC.html,Home,91,4:31,0,,NOP,Naji Marshall,Garrett Temple,3:34,Dereon Seabron,0:32,,,,,,,,,38:44,Trey Murphy III,37:17,CJ McCollum,31:41,Zion Williamson,30:32,Jonas Valančiūnas,23:55,Devonte' Graham,23:33,Larry Nance Jr.,23:14,Jose Alvarado,18:32,Jaxson Hayes,8:26,112,0,6,0.0,0.0,6.0,100.0,0.0,0.0,Brandon Boston Jr.,21,0,2022-2023,0.0,0,0.0,LAC,91,Paul George,Amir Coffey,13:56,Moses Brown,4:31,Moussa Diabaté,4:31,,,,,,,27:46,Reggie Jackson,27:21,Marcus Morris,27:16,Norman Powell,25:07,Ivica Zubac,23:26,Luke Kennard,22:44,Terance Mann,21:50,John Wall,21:15,Nicolas Batum,15:46
0,,0,0.000,0,,93,0,1,50.0,0,.000,0.0,0.0,1.0,1,1,.500,2,200.000,Logos via Sports Logos.net / About logos,W,https://www.basketball-reference.com/boxscores/202210310LAC.html,Home,95,4:33,1,50.0,HOU,Jalen Green,Daishen Nix,9:17,Josh Christopher,4:18,,,,,,,,,36:10,Kevin Porter Jr.,33:53,Jabari Smith Jr.,30:19,Eric Gordon,30:07,Alperen Sengun,29:47,KJ Martin,28:45,Garrison Mathews,15:08,Tari Eason,11:50,Usman Garuba,10:26,93,1,1,0.0,0.0,0.0,0.0,1.0,100.0,Brandon Boston Jr.,2,0,2022-2023,0.0,0,2.0,LAC,95,Paul George,,,,,,,,,,,,,37:58,Marcus Morris,37:08,Luke Kennard,34:13,Ivica Zubac,31:40,Reggie Jackson,30:02,Norman Powell,20:55,Nicolas Batum,15:55,Terance Mann,15:20,Amir Coffey,12:16
1,.500,2,16.667,1,1.00,112,0,1,50.0,4,.333,3.0,30.0,10.0,12,1,.500,2,16.667,Logos via Sports Logos.net / About logos,L,https://www.basketball-reference.com/boxscores/202211300UTA.html,Away,125,22:11,1,50.0,UTA,Jordan Clarkson,Ochai Agbaji,1:51,Udoka Azubuike,1:51,Leandro Bolmaro,1:51,,,,,,,39:47,Lauri Markkanen,36:21,Kelly Olynyk,36:02,Collin Sexton,30:30,Jarred Vanderbilt,24:36,Walker Kessler,21:52,Malik Beasley,18:47,Nickeil Alexander-Walker,15:28,Simone Fontecchio,11:02,125,1,10,6.0,60.0,3.0,30.0,1.0,10.0,Brandon Boston Jr.,13,1,2022-2023,1.0,1,2.0,LAC,112,Ivica Zubac,Jason Preston,3:29,Moses Brown,3:29,,,,,,,,,30:25,Terance Mann,26:56,John Wall,25:16,Reggie Jackson,24:47,Marcus Morris,23:15,Robert Covington,23:08,Nicolas Batum,21:37,Amir Coffey,19:27,Moussa Diabaté,16:00
4,.667,6,46.154,2,1.00,123,0,2,66.7,6,.462,2.0,28.6,7.0,13,2,1.000,2,15.385,Logos via Sports Logos.net / About logos,L,https://www.basketball-reference.com/boxscores/202212030LAC.html,Home,96,20:20,1,33.3,SAC,Kevin Huerter,Terence Davis,11:04,Trey Lyles,7:39,Matthew Dellavedova,6:56,Richaun Holmes,6:33,Alex Len,3:31,,,30:04,Keegan Murray,28:02,De'Aaron Fox,27:50,Domantas Sabonis,26:11,Harrison Barnes,25:54,KZ Okpala,18:14,Davion Mitchell,16:32,Malik Monk,16:14,Chimezie Metu,15:16,123,1,18,4.0,22.2,12.0,66.7,2.0,11.1,Brandon Boston Jr.,27,1,2022-2023,1.0,2,3.0,LAC,96,Amir Coffey,Nicolas Batum,11:18,Moses Brown,7:39,,,,,,,,,33:07,Ivica Zubac,27:05,Terance Mann,26:44,Marcus Morris,24:14,Reggie Jackson,23:11,Robert Covington,20:45,Moussa Diabaté,18:43,Jason Preston,14:40,John Wall,12:14
0,.000,1,20.000,1,,110,0,3,100.0,2,.400,2.0,50.0,4.0,5,3,1.000,3,60.000,Logos via Sports Logos.net / About logos,L,https://www.basketball-reference.com/boxscores/202212080MIA.html,Away,115,13:51,0,0.0,MIA,Caleb Martin,,,,,,,,,,,,,40:24,Tyler Herro,39:25,Bam Adebayo,36:25,Jimmy Butler,33:59,Max Strus,31:32,Dru Smith,22:07,Victor Oladipo,20:50,Dewayne Dedmon,11:35,Haywood Highsmith,3:43,115,2,7,4.0,57.1,0.0,0.0,3.0,42.9,Brandon Boston Jr.,5,0,2022-2023,0.0,0,3.0,LAC,110,Marcus Morris,,,,,,,,,,,,,36:56,Reggie Jackson,34:00,Ivica Zubac,33:45,Paul George,32:14,Nicolas Batum,31:50,Luke Kennard,24:18,John Wall,20:29,Robert Covington,7:11,Moses Brown,5:26
1,.500,2,66.667,1,1.00,114,0,1,100.0,1,.333,0.0,0.0,1.0,3,0,,0,0.000,Logos via Sports Logos.net / About logos,W,https://www.basketball-reference.com/boxscores/202212100WAS.html,Away,107,14:38,0,0.0,WAS,Corey Kispert,,,,,,,,,,,,,42:51,Deni Avdija,38:38,Kyle Kuzma,38:13,Jordan Goodwin,38:02,Kristaps Porziņģis,37:21,Anthony Gill,16:25,Devon Dotson,15:07,Daniel Gafford,10:39,Taj Gibson,2:44,107,0,3,0.0,0.0,3.0,100.0,0.0,0.0,Brandon Boston Jr.,7,0,2022-2023,0.0,1,1.0,LAC,114,Paul George,,,,,,,,,,,,,40:53,Nicolas Batum,32:32,Kawhi Leonard,30:25,Marcus Morris,29:59,John Wall,29:02,Luke Kennard,24:18,Ivica Zubac,19:57,Terance Mann,11:32,Moses Brown,6:44
0,,0,0.000,1,,93,0,0,,0,.000,0.0,0.0,3.0,3,0,,0,0.000,Logos via Sports Logos.net / About logos,W,https://www.basketball-reference.com/boxscores/202212120LAC.html,Home,113,3:16,0,,BOS,Jayson Tatum,Payton Pritchard,7:14,Noah Vonleh,6:27,Justin Jackson,3:16,,,,,,,36:34,Marcus Smart,31:39,Malcolm Brogdon,31:28,Jaylen Brown,29:41,Grant Williams,29:28,Blake Griffin,20:41,Derrick White,15:24,Luke Kornet,14:58,Sam Hauser,13:10,93,0,0,0.0,,0.0,,0.0,,Brandon Boston Jr.,20,0,2022-2023,0.0,0,0.0,LAC,113,Paul George,Moses Brown,3:37,Amir Coffey,3:37,Moussa Diabaté,3:16,,,,,,,35:27,Kawhi Leonard,29:12,Reggie Jackson,26:47,Nicolas Batum,26:47,Marcus Morris,26:32,Luke Kennard,25:44,Terance Mann,20:06,John Wall,18:33,Ivica Zubac,17:06
0,.000,1,100.000,0,,88,0,0,,0,.000,0.0,,0.0,1,0,,0,0.000,Logos via Sports Logos.net / About logos,W,https://www.basketball-reference.com/boxscores/202212140LAC.html,Home,99,2:36,0,,MIN,Anthony Edwards,Nathan Knight,2:36,Josh Minott,2:36,Luka Garza,2:36,Matt Ryan,2:36,,,,,36:54,Jaden McDaniels,35:46,Kyle Anderson,32:06,Rudy Gobert,31:42,Austin Rivers,28:55,Jaylen Nowell,25:11,Naz Reid,20:05,Wendell Moore Jr.,15:05,Bryn Forbes,3:52,88,0,0,0.0,,0.0,,0.0,,Brandon Boston Jr.,11,0,2022-2023,0.0,0,0.0,LAC,99,Paul George,Amir Coffey,2:48,Moses Brown,2:36,,,,,,,,,33:23,Nicolas Batum,30:44,Kawhi Leonard,30:37,Marcus Morris,28:45,Reggie Jackson,25:39,Terance Mann,23:47,Luke Kennard,22:35,Robert Covington,19:15,Ivica Zubac,17:15
0,.000,3,23.077,3,3.00,111,0,1,100.0,4,.308,4.0,40.0,10.0,13,8,.889,9,69.231,Logos via Sports Logos.net / About logos,L,https://www.basketball-reference.com/boxscores/202212150LAC.html,Home,95,23:51,0,0.0,PHO,Mikal Bridges,Ish Wainright,6:44,,,,,,,,,,,39:07,Chris Paul,36:03,Devin Booker,34:53,Jock Landale,26:46,Josh Okogie,25:20,Landry Shamet,19:43,Bismack Biyombo,18:09,Torrey Craig,17:48,Damion Lee,15:27,111,2,16,8.0,50.0,0.0,0.0,8.0,50.0,Brandon Boston Jr.,16,0,2022-2023,0.0,1,1.0,LAC,95,Amir Coffey,,,,,,,,,,,,,38:01,Terance Mann,33:42,Marcus Morris,29:38,John Wall,26:05,Moses Brown,23:14,Robert Covington,23:04,Jason Preston,16:26,Moussa Diabaté,15:51,Nicolas Batum,10:08
0,,0,0.000,0,,93,0,1,100.0,1,1.000,1.0,100.0,1.0,1,0,.000,1,100.000,Logos via Sports Logos.net / About logos,W,https://www.basketball-reference.com/boxscores/202212170LAC.html,Home,102,7:11,0,0.0,WAS,Kyle Kuzma,,,,,,,,,,,,,39:00,Deni Avdija,37:21,Kristaps Porziņģis,35:21,Corey Kispert,32:52,Monte Morris,30:54,Will Barton,23:09,Jordan Goodwin,22:33,Daniel Gafford,10:20,Anthony Gill,8:30,93,2,2,2.0,100.0,0.0,0.0,0.0,0.0,Brandon Boston Jr.,9,1,2022-2023,1.0,0,1.0,LAC,102,Terance Mann,,,,,,,,,,,,,34:59,Marcus Morris,33:18,Nicolas Batum,33:18,Kawhi Leonard,31:52,Luke Kennard,29:23,John Wall,27:36,Amir Coffey,20:17,Moussa Diabaté,17:48,Moses Brown,4:18
0,.000,2,40.000,4,,91,0,1,50.0,0,.000,0.0,0.0,3.0,5,4,.667,6,120.000,Logos via Sports Logos.net / About logos,L,https://www.basketball-reference.com/boxscores/202301050DEN.html,Away,122,15:21,1,50.0,DEN,Kentavious Caldwell-Pope,Christian Braun,12:27,Davon Reed,8:43,Ish Smith,8:43,,,,,,,28:59,Vlatko Čančar,26:51,Nikola Jokić,24:11,Zeke Nnaji,23:49,Michael Porter Jr.,22:11,Bruce Brown,22:06,Jamal Murray,21:21,Aaron Gordon,21:09,Bones Hyland,19:30,122,0,4,0.0,0.0,0.0,0.0,4.0,100.0,Brandon Boston Jr.,31,1,2022-2023,1.0,0,2.0,LAC,91,Terance Mann,Jason Preston,15:21,Marcus Morris,14:53,Paul George,13:43,,,,,,,23:58,Luke Kennard,23:44,Robert Covington,23:04,Amir Coffey,19:36,Norman Powell,19:35,Moses Brown,18:58,Kawhi Leonard,18:17,Reggie Jackson,17:58,Ivica Zubac,15:32
1,1.000,1,20.000,0,,115,0,2,66.7,3,.600,2.0,50.0,4.0,5,1,1.000,1,20.000,Logos via Sports Logos.net / About logos,L,https://www.basketball-reference.com/boxscores/202301060MIN.html,Away,128,5:19,1,33.3,MIN,Rudy Gobert,Matt Ryan,2:30,Luka Garza,2:30,Nathan Knight,2:30,Wendell Moore Jr.,1:37,Josh Minott,1:23,,,36:15,Jaden McDaniels,33:15,D'Angelo Russell,32:51,Kyle Anderson,30:39,Taurean Prince,26:08,Anthony Edwards,22:39,Austin Rivers,20:31,Jaylen Nowell,17:57,Naz Reid,9:15,128,0,8,4.0,50.0,3.0,37.5,1.0,12.5,Brandon Boston Jr.,13,1,2022-2023,1.0,0,3.0,LAC,115,Moses Brown,Reggie Jackson,17:57,Jason Preston,5:14,,,,,,,,,26:54,John Wall,25:47,Marcus Morris,24:42,Norman Powell,24:41,Robert Covington,24:32,Terance Mann,23:33,Luke Kennard,21:06,Ivica Zubac,21:06,Amir Coffey,19:09
1,.500,2,40.000,0,,100,0,2,66.7,2,.400,1.0,33.3,3.0,5,0,,0,0.000,Logos via Sports Logos.net / About logos,W,https://www.basketball-reference.com/boxscores/202301150LAC.html,Home,121,8:46,1,33.3,HOU,Daishen Nix,TyTy Washington Jr.,12:24,Boban Marjanović,2:10,,,,,,,,,35:36,KJ Martin,32:34,Jabari Smith Jr.,30:15,Alperen Sengun,29:36,Eric Gordon,29:34,Tari Eason,19:34,Josh Christopher,18:26,Garrison Mathews,15:26,Usman Garuba,14:25,100,0,5,2.0,40.0,3.0,60.0,0.0,0.0,Brandon Boston Jr.,21,1,2022-2023,1.0,0,3.0,LAC,121,Terance Mann,Jason Preston,2:40,,,,,,,,,,,40:52,Kawhi Leonard,32:04,Ivica Zubac,29:46,Nicolas Batum,27:40,Norman Powell,27:26,Robert Covington,23:27,Amir Coffey,18:26,Reggie Jackson,15:24,Moses Brown,13:29
0,.000,2,22.222,3,1.00,103,0,3,75.0,3,.333,3.0,42.9,7.0,9,1,.500,2,22.222,Logos via Sports Logos.net / About logos,L,https://www.basketball-reference.com/boxscores/202301180UTA.html,Away,126,22:41,1,25.0,UTA,Lauri Markkanen,Nickeil Alexander-Walker,7:41,Simone Fontecchio,2:54,Talen Horton-Tucker,2:54,Udoka Azubuike,2:54,Leandro Bolmaro,2:54,,,33:18,Jordan Clarkson,31:03,Mike Conley,28:43,Walker Kessler,28:25,Malik Beasley,27:08,Collin Sexton,21:52,Ochai Agbaji,20:48,Jarred Vanderbilt,16:41,Rudy Gay,12:45,126,4,7,6.0,85.7,0.0,0.0,1.0,14.3,Brandon Boston Jr.,23,0,2022-2023,0.0,3,4.0,LAC,103,Norman Powell,Jason Preston,4:39,,,,,,,,,,,29:56,Ivica Zubac,26:00,Terance Mann,25:42,Amir Coffey,24:42,Nicolas Batum,23:18,Marcus Morris,23:07,Moussa Diabaté,21:32,Reggie Jackson,19:40,Robert Covington,18:43
0,,0,0.000,0,,100,0,1,100.0,2,.500,2.0,50.0,4.0,4,0,,0,0.000,Logos via Sports Logos.net / About logos,W,https://www.basketball-reference.com/boxscores/202301260LAC.html,Home,138,7:07,0,0.0,SAS,Keldon Johnson,Stanley Johnson,16:32,Gorgui Dieng,7:07,,,,,,,,,31:19,Keita Bates-Diop,27:26,Tre Jones,26:46,Malaki Branham,26:00,Jakob Poeltl,22:10,Doug McDermott,22:00,Blake Wesley,21:14,Isaiah Roby,20:43,Zach Collins,18:43,100,1,4,4.0,100.0,0.0,0.0,0.0,0.0,Brandon Boston Jr.,38,1,2022-2023,1.0,0,1.0,LAC,138,Paul George,Moussa Diabaté,7:07,Amir Coffey,7:07,Jason Preston,6:15,,,,,,,35:21,Kawhi Leonard,31:21,Nicolas Batum,25:57,Terance Mann,23:37,Norman Powell,21:14,Robert Covington,21:06,Ivica Zubac,20:55,Luke Kennard,16:57,Reggie Jackson,15:56
1,.333,3,15.789,3,1.00,99,0,1,100.0,9,.474,8.0,50.0,16.0,19,5,.833,6,31.579,Logos via Sports Logos.net / About logos,L,https://www.basketball-reference.com/boxscores/202301290CLE.html,Away,122,34:27,0,0.0,CLE,Caris LeVert,Lamar Stevens,12:00,Robin Lopez,10:11,Raul Neto,8:07,,,,,,,27:54,Dean Wade,27:00,Evan Mobley,26:47,Jarrett Allen,25:47,Darius Garland,22:37,Cedi Osman,21:58,Donovan Mitchell,20:26,Ricky Rubio,19:07,Isaac Okoro,18:06,122,5,24,16.0,66.7,3.0,12.5,5.0,20.8,Brandon Boston Jr.,23,1,2022-2023,1.0,3,1.0,LAC,99,Amir Coffey,,,,,,,,,,,,,37:52,Jason Preston,36:36,Moussa Diabaté,29:51,Moses Brown,26:06,Ivica Zubac,21:50,Terance Mann,20:12,Norman Powell,16:19,Luke Kennard,9:53,Nicolas Batum,6:53
1,1.000,1,7.692,0,0.00,119,0,2,100.0,9,.692,8.0,66.7,12.0,13,1,.500,2,15.385,Logos via Sports Logos.net / About logos,L,https://www.basketball-reference.com/boxscores/202302100LAC.html,Home,106,26:13,0,0.0,MIL,Jrue Holiday,Sandro Mamukelashvili,10:26,Thanasis Antetokounmpo,2:25,A.J. Green,2:25,,,,,,,32:33,Brook Lopez,32:18,Giannis Antetokounmpo,30:27,Grayson Allen,28:29,Joe Ingles,25:17,Pat Connaughton,24:00,Wesley Matthews,18:53,Jevon Carter,16:50,MarJon Beauchamp,15:57,119,1,20,16.0,80.0,3.0,15.0,1.0,5.0,Brandon Boston Jr.,13,1,2022-2023,1.0,1,2.0,LAC,106,Ivica Zubac,,,,,,,,,,,,,34:06,Paul George,31:52,Marcus Morris,31:09,Amir Coffey,29:31,Terance Mann,27:33,Robert Covington,26:22,Norman Powell,24:14,Moussa Diabaté,4:30,Jason Preston,4:30
0,,0,,0,,124,0,0,,0,,0.0,,0.0,0,2,1.000,2,,Logos via Sports Logos.net / About logos,W,https://www.basketball-reference.com/boxscores/202302140LAC.html,Home,134,2:28,0,,GSW,Draymond Green,JaMychal Green,9:28,Patrick Baldwin Jr.,2:28,,,,,,,,,33:10,Jordan Poole,32:45,Donte DiVincenzo,29:15,Klay Thompson,28:28,Kevon Looney,27:03,Anthony Lamb,25:29,Jonathan Kuminga,22:02,Ty Jerome,16:31,Moses Moody,13:21,124,1,2,0.0,0.0,0.0,0.0,2.0,100.0,Brandon Boston Jr.,10,0,2022-2023,0.0,0,0.0,LAC,134,Kawhi Leonard,Nicolas Batum,8:21,Amir Coffey,2:28,Moussa Diabaté,2:28,,,,,,,34:26,Paul George,31:32,Ivica Zubac,28:10,Terance Mann,26:54,Norman Powell,25:09,Marcus Morris,23:27,Eric Gordon,21:35,Mason Plumlee,17:11,Bones Hyland,15:51
0,,0,0.000,1,,125,0,1,100.0,0,.000,0.0,0.0,1.0,1,0,,0,0.000,Logos via Sports Logos.net / About logos,W,https://www.basketball-reference.com/boxscores/202304080LAC.html,Home,136,1:41,0,0.0,POR,Shaedon Sharpe,,,,,,,,,,,,,37:06,Kevin Knox,36:01,Skylar Mays,29:36,Shaquille Harrison,26:18,Trendon Watford,26:07,Jabari Walker,21:53,John Butler,21:32,Jeenathan Williams,21:18,Justin Minaya,20:09,125,0,0,0.0,,0.0,,0.0,,Brandon Boston Jr.,11,0,2022-2023,0.0,0,1.0,LAC,136,Kawhi Leonard,Eric Gordon,18:28,Moussa Diabaté,1:41,Xavier Moon,1:41,Amir Coffey,1:41,Jason Preston,1:41,,,28:47,Norman Powell,26:46,Russell Westbrook,24:39,Terance Mann,23:45,Nicolas Batum,23:39,Ivica Zubac,22:34,Bones Hyland,21:40,Robert Covington,21:29,Mason Plumlee,19:48
0,,0,,0,0.00,109,0,0,,0,,0.0,,0.0,0,0,,0,,Logos via Sports Logos.net / About logos,L,https://www.basketball-reference.com/boxscores/202304180PHO.html,Away,123,0:58,0,,PHO,Devin Booker,T.J. Warren,2:09,Ish Wainright,0:41,,,,,,,,,44:48,Kevin Durant,44:26,Chris Paul,37:39,Torrey Craig,31:38,Deandre Ayton,31:36,Josh Okogie,15:18,Bismack Biyombo,14:33,Landry Shamet,14:00,Damion Lee,3:12,123,0,0,0.0,,0.0,,0.0,,Brandon Boston Jr.,14,0,2022-2023,0.0,1,0.0,LAC,109,Kawhi Leonard,Amir Coffey,0:58,Jason Preston,0:58,,,,,,,,,38:50,Russell Westbrook,36:06,Eric Gordon,32:20,Ivica Zubac,29:29,Norman Powell,28:00,Terance Mann,25:37,Nicolas Batum,19:02,Bones Hyland,14:06,Mason Plumlee,13:36
1,.333,3,100.000,2,,122,0,2,100.0,1,.333,0.0,,0.0,3,0,,0,0.000,Logos via Sports Logos.net / About logos,W,https://www.basketball-reference.com/boxscores/202312160LAC.html,Home,144,4:59,0,0.0,NYK,Jalen Brunson,Josh Hart,8:17,Taj Gibson,6:26,DaQuan Jeffries,6:26,Ryan Arcidiacono,2:46,,,,,33:56,Julius Randle,30:54,Isaiah Hartenstein,29:49,RJ Barrett,28:19,Quentin Grimes,23:32,Donte DiVincenzo,21:44,Immanuel Quickley,19:10,Jericho Sims,18:11,Miles McBride,10:30,122,1,3,0.0,0.0,3.0,100.0,0.0,0.0,Brandon Boston Jr.,22,0,2023-2024,0.0,0,2.0,LAC,144,Paul George,Kobe Brown,4:59,Joshua Primo,4:59,Jordan Miller,4:59,Xavier Moon,4:59,,,,,31:13,Kawhi Leonard,30:14,James Harden,28:11,Ivica Zubac,27:35,Terance Mann,26:36,Norman Powell,24:25,Amir Coffey,16:46,Russell Westbrook,15:06,Daniel Theis,14:57
0,,0,0.000,0,0.00,151,0,0,,3,.750,3.0,75.0,4.0,4,0,,0,0.000,Logos via Sports Logos.net / About logos,W,https://www.basketball-reference.com/boxscores/202312180IND.html,Away,127,6:09,0,,IND,Bennedict Mathurin,James Johnson,6:20,,,,,,,,,,,34:41,Tyrese Haliburton,30:57,Obi Toppin,30:23,Buddy Hield,30:03,Aaron Nesmith,26:13,Isaiah Jackson,24:37,Bruce Brown,20:19,T.J. McConnell,20:17,Jordan Nwora,16:10,127,2,6,6.0,100.0,0.0,0.0,0.0,0.0,Brandon Boston Jr.,24,0,2023-2024,0.0,1,0.0,LAC,151,Paul George,Kobe Brown,6:09,,,,,,,,,,,31:29,Norman Powell,29:47,James Harden,28:21,Terance Mann,28:10,Kawhi Leonard,26:38,Ivica Zubac,26:00,Daniel Theis,21:56,Amir Coffey,18:18,Russell Westbrook,17:03
1,.200,5,50.000,1,,115,0,0,0.0,3,.300,2.0,40.0,5.0,10,0,,0,0.000,Logos via Sports Logos.net / About logos,L,https://www.basketball-reference.com/boxscores/202312210OKC.html,Away,134,16:26,1,100.0,OKC,Shai Gilgeous-Alexander,Ousmane Dieng,7:38,Jaylin Williams,5:49,Tre Mann,2:01,,,,,,,32:08,Luguentz Dort,31:17,Chet Holmgren,29:33,Jalen Williams,28:50,Aaron Wiggins,25:21,Isaiah Joe,25:14,Cason Wallace,19:51,Kenrich Williams,17:55,Josh Giddey,14:23,134,1,7,4.0,57.1,3.0,42.9,0.0,0.0,Brandon Boston Jr.,19,1,2023-2024,1.0,0,1.0,LAC,115,James Harden,Kobe Brown,9:51,,,,,,,,,,,33:51,Amir Coffey,32:54,Russell Westbrook,29:42,Paul George,28:49,Terance Mann,23:31,Norman Powell,23:11,Ivica Zubac,16:56,Daniel Theis,14:58,Bones Hyland,9:51
1,.250,4,66.667,0,,145,0,2,66.7,3,.500,2.0,100.0,2.0,6,6,1.000,6,100.000,Logos via Sports Logos.net / About logos,L,https://www.basketball-reference.com/boxscores/202312230LAC.html,Home,108,13:12,1,33.3,BOS,Jayson Tatum,Lamar Stevens,5:05,Dalano Banton,4:17,Drew Peterson,2:33,JD Davison,2:33,,,,,30:20,Jaylen Brown,29:06,Derrick White,28:34,Jrue Holiday,27:36,Al Horford,26:49,Payton Pritchard,23:11,Neemias Queta,22:55,Sam Hauser,18:38,Oshae Brissett,18:23,145,1,13,4.0,30.8,3.0,23.1,6.0,46.2,Brandon Boston Jr.,37,0,2023-2024,0.0,0,3.0,LAC,108,Paul George,Bones Hyland,7:48,,,,,,,,,,,29:39,James Harden,28:41,Ivica Zubac,26:50,Kobe Brown,25:22,Norman Powell,25:01,Terance Mann,24:18,Daniel Theis,21:10,Russell Westbrook,20:35,Amir Coffey,17:24
0,,0,0.000,0,,104,0,0,,0,.000,0.0,0.0,1.0,1,0,,0,0.000,Logos via Sports Logos.net / About logos,W,https://www.basketball-reference.com/boxscores/202401010LAC.html,Home,121,2:55,0,,MIA,Jaime Jaquez Jr.,Nikola Jović,2:55,Cole Swider,2:55,Orlando Robinson,2:55,,,,,,,38:29,Bam Adebayo,35:45,Tyler Herro,34:35,Jamal Cain,34:31,Duncan Robinson,26:05,Kyle Lowry,24:24,Kevin Love,22:30,R.J. Hampton,11:34,Thomas Bryant,3:22,104,0,0,0.0,,0.0,,0.0,,Brandon Boston Jr.,17,0,2023-2024,0.0,0,0.0,LAC,121,Paul George,Kobe Brown,2:55,Moussa Diabaté,2:55,,,,,,,,,33:46,Kawhi Leonard,33:42,Norman Powell,33:01,James Harden,31:29,Ivica Zubac,28:48,Amir Coffey,18:32,Russell Westbrook,17:53,Terance Mann,17:47,Daniel Theis,16:17
0,,0,0.000,1,1.00,111,0,1,50.0,1,.333,1.0,33.3,3.0,3,0,,0,0.000,Logos via Sports Logos.net / About logos,W,https://www.basketball-reference.com/boxscores/202401050NOP.html,Away,95,6:29,1,50.0,NOP,CJ McCollum,Trey Murphy III,16:51,Jordan Hawkins,6:29,Cody Zeller,6:29,,,,,,,31:11,Brandon Ingram,30:28,Dyson Daniels,26:12,Herbert Jones,25:15,Jonas Valančiūnas,22:37,Zion Williamson,19:25,Larry Nance Jr.,18:54,Jose Alvarado,18:41,Naji Marshall,17:28,95,1,2,2.0,100.0,0.0,0.0,0.0,0.0,Brandon Boston Jr.,16,0,2023-2024,0.0,1,2.0,LAC,111,Paul George,Mason Plumlee,7:11,Kobe Brown,6:29,Bones Hyland,6:29,,,,,,,29:39,Kawhi Leonard,29:35,James Harden,29:00,Norman Powell,25:00,Ivica Zubac,23:25,Russell Westbrook,21:52,Amir Coffey,20:54,Daniel Theis,17:24,Terance Mann,16:33
1,1.000,1,50.000,0,0.00,111,0,0,,2,1.000,1.0,100.0,1.0,2,0,,0,0.000,Logos via Sports Logos.net / About logos,W,https://www.basketball-reference.com/boxscores/202401080LAC.html,Home,138,4:38,0,,PHO,Bradley Beal,Jordan Goodwin,5:12,Saben Lee,5:12,Yuta Watanabe,5:12,Keita Bates-Diop,2:04,,,,,34:48,Kevin Durant,34:40,Devin Booker,34:00,Grayson Allen,30:51,Eric Gordon,24:36,Jusuf Nurkić,21:22,Josh Okogie,17:45,Drew Eubanks,16:22,Chimezie Metu,7:56,111,2,5,2.0,40.0,3.0,60.0,0.0,0.0,Brandon Boston Jr.,27,0,2023-2024,0.0,1,0.0,LAC,138,Kawhi Leonard,Mason Plumlee,4:38,Kobe Brown,4:38,,,,,,,,,32:27,Paul George,31:20,James Harden,29:36,Terance Mann,27:57,Ivica Zubac,27:40,Norman Powell,24:33,Amir Coffey,23:29,Russell Westbrook,14:59,Daniel Theis,14:05
0,.000,1,33.333,0,,128,0,0,,0,.000,0.0,0.0,2.0,3,0,,0,0.000,Logos via Sports Logos.net / About logos,W,https://www.basketball-reference.com/boxscores/202401120MEM.html,Away,119,4:13,0,,MEM,Xavier Tillman Sr.,GG Jackson II,9:18,John Konchar,6:16,,,,,,,,,30:35,Jaren Jackson Jr.,29:37,Luke Kennard,29:16,David Roddy,26:55,Vince Williams Jr.,26:32,Desmond Bane,22:48,Jacob Gilyard,20:07,Jake LaRavia,19:53,Ziaire Williams,18:43,119,2,0,0.0,,0.0,,0.0,,Brandon Boston Jr.,9,0,2023-2024,0.0,0,0.0,LAC,128,Paul George,Jordan Miller,4:13,Kobe Brown,4:13,,,,,,,,,34:37,Kawhi Leonard,28:41,James Harden,27:47,Terance Mann,26:27,Amir Coffey,25:46,Norman Powell,24:16,Ivica Zubac,21:57,Daniel Theis,21:50,Russell Westbrook,16:00
0,,0,0.000,0,,127,0,0,0.0,1,1.000,1.0,100.0,1.0,1,0,,0,0.000,Logos via Sports Logos.net / About logos,W,https://www.basketball-reference.com/boxscores/202401260TOR.html,Away,107,1:33,1,100.0,TOR,RJ Barrett,Jontay Porter,4:24,Javon Freeman-Liberty,1:33,Kira Lewis Jr.,1:33,Jalen McDaniels,1:33,Garrett Temple,1:33,,,36:00,Scottie Barnes,34:45,Bruce Brown,31:35,Gary Trent Jr.,28:59,Dennis Schröder,28:14,Thaddeus Young,23:58,Gradey Dick,21:08,Chris Boucher,16:46,Jordan Nwora,7:59,107,0,2,2.0,100.0,0.0,0.0,0.0,0.0,Brandon Boston Jr.,20,0,2023-2024,0.0,0,1.0,LAC,127,James Harden,Bones Hyland,1:33,,,,,,,,,,,34:58,Kawhi Leonard,30:30,Terance Mann,28:38,Paul George,28:19,Russell Westbrook,25:58,Norman Powell,25:46,Mason Plumlee,25:13,Amir Coffey,19:16,Daniel Theis,18:16
1,1.000,1,20.000,0,,115,1,0,0.0,1,.200,0.0,0.0,4.0,5,0,,0,0.000,Logos via Sports Logos.net / About logos,W,https://www.basketball-reference.com/boxscores/202401270BOS.html,Away,96,10:27,2,100.0,BOS,Jayson Tatum,Neemias Queta,12:14,Dalano Banton,12:00,Lamar Stevens,7:46,Svi Mykhailiuk,7:46,,,,,30:02,Jrue Holiday,27:37,Derrick White,24:29,Jaylen Brown,24:10,Payton Pritchard,21:01,Sam Hauser,19:55,Al Horford,19:13,Luke Kornet,17:34,Oshae Brissett,16:13,96,1,3,0.0,0.0,3.0,100.0,0.0,0.0,Brandon Boston Jr.,19,0,2023-2024,1.0,0,2.0,LAC,115,Kawhi Leonard,Bones Hyland,10:27,Kobe Brown,10:27,,,,,,,,,29:01,James Harden,26:48,Amir Coffey,26:28,Daniel Theis,26:09,Terance Mann,24:00,Paul George,22:29,Mason Plumlee,21:09,Norman Powell,17:24,Russell Westbrook,15:11
0,,0,,0,,108,0,0,,0,,0.0,,0.0,0,0,,0,,Logos via Sports Logos.net / About logos,L,https://www.basketball-reference.com/boxscores/202401290CLE.html,Away,118,0:32,0,,CLE,Donovan Mitchell,,,,,,,,,,,,,38:44,Jarrett Allen,36:13,Max Strus,34:31,Isaac Okoro,33:26,Dean Wade,25:31,Caris LeVert,23:12,Evan Mobley,20:51,Georges Niang,20:15,Sam Merrill,7:17,118,0,0,0.0,,0.0,,0.0,,Brandon Boston Jr.,10,0,2023-2024,0.0,0,0.0,LAC,108,James Harden,Kobe Brown,0:32,,,,,,,,,,,38:45,Kawhi Leonard,36:53,Norman Powell,27:39,Amir Coffey,27:12,Paul George,27:11,Mason Plumlee,22:22,Russell Westbrook,22:07,Terance Mann,19:26,Daniel Theis,17:21
1,.500,2,18.182,1,,125,1,2,66.7,5,.455,4.0,44.4,9.0,11,1,.500,2,18.182,Logos via Sports Logos.net / About logos,W,https://www.basketball-reference.com/boxscores/202401310WAS.html,Away,109,27:09,1,33.3,WAS,Bilal Coulibaly,Johnny Davis,12:00,Anthony Gill,7:35,Jules Bernard,5:27,,,,,,,37:00,Kyle Kuzma,29:20,Tyus Jones,28:59,Corey Kispert,26:59,Deni Avdija,26:20,Daniel Gafford,22:27,Marvin Bagley III,17:57,Delon Wright,13:34,Patrick Baldwin Jr.,12:20,109,2,12,8.0,66.7,3.0,25.0,1.0,8.3,Brandon Boston Jr.,16,1,2023-2024,2.0,0,3.0,LAC,125,James Harden,Bones Hyland,5:27,,,,,,,,,,,32:33,Terance Mann,30:37,Kawhi Leonard,29:54,Norman Powell,26:57,Russell Westbrook,21:05,Amir Coffey,20:51,Daniel Theis,19:30,Mason Plumlee,19:21,Kobe Brown,6:36
0,,0,,0,0.00,136,0,0,,0,,0.0,,0.0,0,0,,0,,Logos via Sports Logos.net / About logos,W,https://www.basketball-reference.com/boxscores/202402020DET.html,Away,125,2:39,0,,DET,Jaden Ivey,Monte Morris,10:24,James Wiseman,2:14,,,,,,,,,33:30,Cade Cunningham,32:47,Jalen Duren,31:10,Bojan Bogdanović,29:30,Ausar Thompson,26:08,Alec Burks,20:46,Marcus Sasser,20:29,Kevin Knox,18:24,Danilo Gallinari,14:36,125,1,0,0.0,,0.0,,0.0,,Brandon Boston Jr.,11,0,2023-2024,0.0,1,0.0,LAC,136,James Harden,Kobe Brown,2:39,,,,,,,,,,,33:36,Kawhi Leonard,31:58,Paul George,27:20,Mason Plumlee,25:53,Norman Powell,25:27,Russell Westbrook,25:09,Amir Coffey,23:57,Terance Mann,23:51,Daniel Theis,17:30
0,,0,0.000,0,0.00,117,0,0,,0,.000,0.0,0.0,1.0,1,2,1.000,2,200.000,Logos via Sports Logos.net / About logos,L,https://www.basketball-reference.com/boxscores/202402070LAC.html,Home,106,3:27,0,,NOP,CJ McCollum,Jordan Hawkins,2:17,Jeremiah Robinson-Earl,2:17,Cody Zeller,2:17,,,,,,,36:29,Brandon Ingram,35:31,Zion Williamson,35:02,Herbert Jones,30:22,Larry Nance Jr.,27:23,Trey Murphy III,22:37,Dyson Daniels,21:49,Jose Alvarado,13:23,Jonas Valančiūnas,10:33,117,0,2,0.0,0.0,0.0,0.0,2.0,100.0,Brandon Boston Jr.,11,0,2023-2024,0.0,1,0.0,LAC,106,James Harden,Daniel Theis,6:56,Kobe Brown,3:27,,,,,,,,,38:23,Kawhi Leonard,33:12,Paul George,28:21,Norman Powell,25:47,Terance Mann,25:06,Amir Coffey,21:20,Ivica Zubac,21:09,Russell Westbrook,17:46,Mason Plumlee,15:06
0,.000,1,25.000,0,,121,0,0,,2,.500,2.0,66.7,3.0,4,2,1.000,2,50.000,Logos via Sports Logos.net / About logos,L,https://www.basketball-reference.com/boxscores/202402120LAC.html,Home,100,4:56,0,,MIN,Rudy Gobert,Jordan McLaughlin,3:54,Daishen Nix,2:10,Josh Minott,2:10,,,,,,,33:21,Anthony Edwards,32:24,Karl-Anthony Towns,27:02,Naz Reid,26:44,Jaden McDaniels,25:25,Mike Conley,24:09,Nickeil Alexander-Walker,23:48,Kyle Anderson,20:25,Monte Morris,18:28,121,0,6,4.0,66.7,0.0,0.0,2.0,33.3,Brandon Boston Jr.,21,0,2023-2024,0.0,0,0.0,LAC,100,James Harden,Jordan Miller,4:56,Kobe Brown,4:56,Daniel Theis,4:54,,,,,,,32:09,Kawhi Leonard,30:06,Paul George,29:47,Russell Westbrook,29:00,Amir Coffey,25:59,Terance Mann,25:13,Ivica Zubac,22:36,Norman Powell,16:33,Mason Plumlee,8:55
0,.000,2,50.000,0,,130,0,1,100.0,0,.000,0.0,0.0,2.0,4,0,,0,0.000,Logos via Sports Logos.net / About logos,W,https://www.basketball-reference.com/boxscores/202402140GSW.html,Away,125,8:57,0,0.0,GSW,Jonathan Kuminga,Lester Quiñones,8:01,Dario Šarić,5:36,,,,,,,,,34:47,Stephen Curry,34:39,Brandin Podziemski,32:24,Draymond Green,31:08,Andrew Wiggins,29:58,Klay Thompson,29:38,Gary Payton II,14:15,Kevon Looney,11:16,Moses Moody,8:18,125,2,0,0.0,,0.0,,0.0,,Brandon Boston Jr.,5,0,2023-2024,0.0,0,1.0,LAC,130,James Harden,,,,,,,,,,,,,40:22,Paul George,32:57,Russell Westbrook,31:26,Norman Powell,30:44,Ivica Zubac,27:46,Terance Mann,27:37,Amir Coffey,23:42,Mason Plumlee,16:29,,
0,,0,0.000,0,0.00,107,0,0,,2,1.000,2.0,100.0,2.0,2,0,,0,0.000,Logos via Sports Logos.net / About logos,L,https://www.basketball-reference.com/boxscores/202402220OKC.html,Away,129,3:53,0,,OKC,Jalen Williams,Gordon Hayward,13:35,Olivier Sarr,1:13,Lindy Waters III,1:13,,,,,,,36:04,Shai Gilgeous-Alexander,34:33,Chet Holmgren,32:55,Luguentz Dort,30:40,Josh Giddey,22:48,Cason Wallace,19:11,Isaiah Joe,19:01,Kenrich Williams,15:05,Aaron Wiggins,13:42,129,0,4,4.0,100.0,0.0,0.0,0.0,0.0,Brandon Boston Jr.,22,0,2023-2024,0.0,2,0.0,LAC,107,Paul George,,,,,,,,,,,,,35:51,Norman Powell,30:47,Kawhi Leonard,30:32,Ivica Zubac,29:29,James Harden,29:28,Amir Coffey,28:18,Terance Mann,27:43,Russell Westbrook,16:00,Mason Plumlee,7:59
0,,0,,0,,123,0,0,,0,,0.0,,0.0,0,0,,0,,Logos via Sports Logos.net / About logos,L,https://www.basketball-reference.com/boxscores/202402250LAC.html,Home,107,1:25,0,,SAC,Keegan Murray,Kessler Edwards,1:25,,,,,,,,,,,37:07,Domantas Sabonis,35:51,Harrison Barnes,35:38,De'Aaron Fox,32:44,Malik Monk,27:54,Kevin Huerter,24:45,Davion Mitchell,18:13,Chris Duarte,15:52,Trey Lyles,10:31,123,0,0,0.0,,0.0,,0.0,,Brandon Boston Jr.,16,0,2023-2024,0.0,0,0.0,LAC,107,Terance Mann,,,,,,,,,,,,,39:24,Norman Powell,37:04,Kawhi Leonard,35:54,James Harden,35:25,Ivica Zubac,33:01,Amir Coffey,19:54,Russell Westbrook,18:16,Daniel Theis,14:17,P.J. Tucker,5:20
0,,0,0.000,0,,115,0,0,,3,.750,3.0,75.0,4.0,4,1,.500,2,50.000,Logos via Sports Logos.net / About logos,W,https://www.basketball-reference.com/boxscores/202403010LAC.html,Home,140,5:17,0,,WAS,Kyle Kuzma,Eugene Omoruyi,12:45,Richaun Holmes,7:25,Jules Bernard,6:31,Justin Champagnie,6:31,,,,,29:09,Marvin Bagley III,27:50,Deni Avdija,26:21,Johnny Davis,24:20,Tyus Jones,22:45,Corey Kispert,22:36,Jordan Poole,21:24,Landry Shamet,17:14,Jared Butler,15:09,115,1,7,6.0,85.7,0.0,0.0,1.0,14.3,Brandon Boston Jr.,25,0,2023-2024,0.0,0,0.0,LAC,140,Paul George,Russell Westbrook,10:23,Moussa Diabaté,6:31,Kobe Brown,5:17,Joshua Primo,5:17,,,,,30:23,Kawhi Leonard,29:25,James Harden,25:01,Amir Coffey,22:05,Terance Mann,22:00,Norman Powell,21:48,Daniel Theis,20:22,Mason Plumlee,19:45,Bones Hyland,16:26
1,.333,3,33.333,1,,124,2,3,60.0,2,.222,1.0,16.7,6.0,9,0,,0,0.000,Logos via Sports Logos.net / About logos,L,https://www.basketball-reference.com/boxscores/202403100LAC.html,Home,117,17:58,2,40.0,MIL,Malik Beasley,,,,,,,,,,,,,38:40,Giannis Antetokounmpo,38:37,Damian Lillard,38:01,Brook Lopez,31:12,Pat Connaughton,26:14,Bobby Portis,25:53,Jae Crowder,19:23,Patrick Beverley,15:33,Danilo Gallinari,6:27,124,2,5,2.0,40.0,3.0,60.0,0.0,0.0,Brandon Boston Jr.,7,0,2023-2024,2.0,0,5.0,LAC,117,James Harden,,,,,,,,,,,,,36:26,Norman Powell,31:09,Amir Coffey,30:10,Terance Mann,30:02,Ivica Zubac,26:11,P.J. Tucker,25:30,Bones Hyland,21:03,Daniel Theis,14:34,Mason Plumlee,6:57
0,.000,1,33.333,0,,118,1,0,0.0,1,.333,1.0,50.0,2.0,3,0,.000,2,66.667,Logos via Sports Logos.net / About logos,L,https://www.basketball-reference.com/boxscores/202403120LAC.html,Home,100,8:50,1,100.0,MIN,Anthony Edwards,Leonard Miller,2:31,Josh Minott,2:31,Wendell Moore Jr.,2:31,Daishen Nix,2:31,,,,,36:30,Rudy Gobert,33:26,Kyle Anderson,28:48,Nickeil Alexander-Walker,27:37,Mike Conley,27:28,Jaden McDaniels,23:24,Naz Reid,21:56,Jordan McLaughlin,17:03,T.J. Warren,13:44,118,1,2,2.0,100.0,0.0,0.0,0.0,0.0,Brandon Boston Jr.,18,0,2023-2024,1.0,0,1.0,LAC,100,Paul George,Jordan Miller,4:08,Xavier Moon,4:08,Kobe Brown,4:08,Mason Plumlee,4:08,,,,,35:07,James Harden,33:51,Norman Powell,27:57,Terance Mann,27:38,Ivica Zubac,26:43,Amir Coffey,18:14,Bones Hyland,17:53,Daniel Theis,15:15,Kawhi Leonard,12:00
0,.000,1,33.333,0,,126,0,1,100.0,2,.667,2.0,100.0,2.0,3,1,.500,2,66.667,Logos via Sports Logos.net / About logos,W,https://www.basketball-reference.com/boxscores/202403140CHI.html,Away,111,8:12,0,0.0,CHI,Alex Caruso,Henri Drell,2:53,Terry Taylor,2:53,Andrew Funk,1:25,,,,,,,35:48,DeMar DeRozan,35:42,Nikola Vučević,35:22,Ayo Dosunmu,34:51,Torrey Craig,27:01,Jevon Carter,17:27,Onuralp Bitim,16:55,Andre Drummond,16:18,Dalen Terry,13:25,111,1,5,4.0,80.0,0.0,0.0,1.0,20.0,Brandon Boston Jr.,15,0,2023-2024,0.0,0,1.0,LAC,126,Paul George,Mason Plumlee,2:27,,,,,,,,,,,35:22,Kawhi Leonard,33:53,Bones Hyland,31:37,Ivica Zubac,31:30,Terance Mann,30:32,Norman Powell,27:58,Amir Coffey,21:59,Daniel Theis,14:03,Xavier Moon,2:27
0,,0,0.000,0,,110,0,0,,0,.000,0.0,0.0,1.0,1,0,,0,0.000,Logos via Sports Logos.net / About logos,L,https://www.basketball-reference.com/boxscores/202403170LAC.html,Home,93,2:28,0,,ATL,Jalen Johnson,Garrison Mathews,13:09,,,,,,,,,,,36:19,Dejounte Murray,34:17,Bogdan Bogdanović,29:39,Clint Capela,25:40,Vit Krejci,24:40,De'Andre Hunter,24:09,Bruno Fernando,22:20,Trent Forrest,16:10,Wesley Matthews,13:37,110,0,0,0.0,,0.0,,0.0,,Brandon Boston Jr.,17,0,2023-2024,0.0,0,0.0,LAC,93,Kawhi Leonard,Daniel Theis,6:37,Xavier Moon,2:28,Kobe Brown,2:28,Jordan Miller,2:28,,,,,36:47,James Harden,36:00,Paul George,34:40,Terance Mann,31:47,Ivica Zubac,23:15,Amir Coffey,22:25,P.J. Tucker,20:40,Bones Hyland,11:02,Mason Plumlee,6:55
0,.000,2,22.222,0,0.00,116,2,2,100.0,4,.444,4.0,57.1,7.0,9,1,.500,2,22.222,Logos via Sports Logos.net / About logos,W,https://www.basketball-reference.com/boxscores/202403200POR.html,Away,103,23:05,0,0.0,POR,Scoot Henderson,Justin Minaya,6:50,Moses Brown,5:46,,,,,,,,,35:04,Kris Murray,32:41,Anfernee Simons,28:25,Dalano Banton,28:15,Deandre Ayton,26:25,Jabari Walker,23:04,Rayan Rupert,19:35,Toumani Camara,17:49,Duop Reath,16:06,103,2,9,8.0,88.9,0.0,0.0,1.0,11.1,Brandon Boston Jr.,13,1,2023-2024,3.0,1,2.0,LAC,116,James Harden,Mason Plumlee,4:12,,,,,,,,,,,36:02,Paul George,35:50,Amir Coffey,30:44,Kawhi Leonard,28:02,P.J. Tucker,25:37,Ivica Zubac,23:57,Daniel Theis,19:32,Bones Hyland,7:13,Xavier Moon,5:46
2,.667,3,75.000,1,0.33,125,0,3,75.0,3,.750,1.0,100.0,1.0,4,1,.500,2,50.000,Logos via Sports Logos.net / About logos,W,https://www.basketball-reference.com/boxscores/202403220POR.html,Away,117,19:01,1,25.0,POR,Kris Murray,,,,,,,,,,,,,36:08,Scoot Henderson,34:34,Toumani Camara,31:49,Jabari Walker,27:56,Duop Reath,26:41,Dalano Banton,24:02,Rayan Rupert,23:14,Anfernee Simons,21:50,Moses Brown,13:45,117,3,9,2.0,22.2,6.0,66.7,1.0,11.1,Brandon Boston Jr.,8,1,2023-2024,1.0,3,4.0,LAC,125,James Harden,Xavier Moon,4:51,Bones Hyland,4:13,,,,,,,,,35:34,Terance Mann,35:33,Kawhi Leonard,29:16,Paul George,27:47,Amir Coffey,27:27,Daniel Theis,20:40,Ivica Zubac,17:56,Mason Plumlee,9:24,P.J. Tucker,8:17
0,,0,0.000,0,,121,0,2,100.0,2,.500,2.0,50.0,4.0,4,0,,0,0.000,Logos via Sports Logos.net / About logos,L,https://www.basketball-reference.com/boxscores/202403240LAC.html,Home,107,11:50,0,0.0,PHI,Tyrese Maxey,Ricky Council IV,2:24,D.J. Wilson,1:31,,,,,,,,,44:24,Tobias Harris,37:49,Kelly Oubre Jr.,24:34,Paul Reed,24:25,KJ Martin,24:07,Cameron Payne,23:58,Buddy Hield,23:01,Mo Bamba,21:45,Jeff Dowtin,12:02,121,1,4,4.0,100.0,0.0,0.0,0.0,0.0,Brandon Boston Jr.,14,0,2023-2024,0.0,0,2.0,LAC,107,James Harden,Kobe Brown,5:19,Xavier Moon,3:57,,,,,,,,,34:22,Paul George,33:57,Kawhi Leonard,31:14,Ivica Zubac,29:12,Norman Powell,24:34,Amir Coffey,23:58,Terance Mann,23:08,Mason Plumlee,12:29,Daniel Theis,6:00
1,.333,3,50.000,0,,95,0,4,100.0,3,.500,2.0,66.7,3.0,6,2,.667,3,50.000,Logos via Sports Logos.net / About logos,L,https://www.basketball-reference.com/boxscores/202404020SAC.html,Away,109,21:23,0,0.0,SAC,Keegan Murray,Chris Duarte,8:28,Kessler Edwards,1:39,Mason Jones,1:39,Colby Jones,1:10,Jalen Slawson,1:10,,,37:53,Domantas Sabonis,34:51,De'Aaron Fox,33:48,Trey Lyles,26:05,Davion Mitchell,25:23,Harrison Barnes,24:34,Keon Ellis,21:46,Alex Len,11:59,Sasha Vezenkov,9:35,109,5,9,4.0,44.4,3.0,33.3,2.0,22.2,Brandon Boston Jr.,14,0,2023-2024,0.0,0,4.0,LAC,95,James Harden,Kobe Brown,1:39,,,,,,,,,,,31:05,Paul George,29:25,Ivica Zubac,28:33,Norman Powell,28:21,Terance Mann,26:37,Russell Westbrook,24:01,Amir Coffey,23:32,Daniel Theis,17:46,Bones Hyland,7:38
0,.000,2,33.333,0,,102,0,0,,2,.333,2.0,50.0,4.0,6,0,,0,0.000,Logos via Sports Logos.net / About logos,W,https://www.basketball-reference.com/boxscores/202404050LAC.html,Home,131,7:09,0,,UTA,Darius Bazley,Taylor Hendricks,12:21,Kenneth Lofton Jr.,12:00,Micah Potter,8:58,Luka Šamanić,3:22,,,,,33:28,Johnny Juzang,31:45,Talen Horton-Tucker,26:24,Kris Dunn,23:36,Omer Yurtseven,21:03,Keyonte George,18:47,Collin Sexton,17:52,Jason Preston,16:56,Brice Sensabaugh,13:27,102,0,4,4.0,100.0,0.0,0.0,0.0,0.0,Brandon Boston Jr.,29,0,2023-2024,0.0,0,0.0,LAC,131,James Harden,Bones Hyland,7:09,Kobe Brown,7:09,Mason Plumlee,7:09,Xavier Moon,2:16,,,,,32:36,Amir Coffey,30:41,Norman Powell,25:52,Ivica Zubac,23:57,Terance Mann,22:43,Russell Westbrook,21:19,Paul George,20:59,Daniel Theis,16:54,P.J. Tucker,14:07
0,,0,,0,,105,0,0,,0,,0.0,,0.0,0,0,,0,,Logos via Sports Logos.net / About logos,W,https://www.basketball-reference.com/boxscores/202404090PHO.html,Away,92,1:10,0,,PHO,Kevin Durant,Nassir Little,1:10,Josh Okogie,1:10,Isaiah Thomas,1:10,Ish Wainright,1:10,,,,,39:57,Devin Booker,39:45,Bradley Beal,39:18,Grayson Allen,31:25,Royce O'Neale,28:58,Eric Gordon,28:53,Drew Eubanks,12:14,Thaddeus Young,7:32,Bol Bol,7:18,92,0,0,0.0,,0.0,,0.0,,Brandon Boston Jr.,13,0,2023-2024,0.0,0,0.0,LAC,105,Russell Westbrook,Xavier Moon,1:10,,,,,,,,,,,39:41,Paul George,39:02,Terance Mann,37:38,Amir Coffey,34:26,Norman Powell,32:30,Ivica Zubac,27:56,Bones Hyland,17:29,Mason Plumlee,7:47,Kobe Brown,1:10
2,.222,9,37.500,2,0.67,124,1,3,42.9,10,.417,8.0,53.3,15.0,24,1,.500,2,8.333,Logos via Sports Logos.net / About logos,L,https://www.basketball-reference.com/boxscores/202404100LAC.html,Home,108,39:55,4,57.1,PHO,Devin Booker,Bol Bol,1:13,Nassir Little,1:13,Josh Okogie,1:13,David Roddy,1:13,,,,,39:09,Kevin Durant,36:58,Bradley Beal,33:50,Royce O'Neale,33:16,Jusuf Nurkić,30:14,Eric Gordon,23:42,Grayson Allen,23:29,Thaddeus Young,13:16,Saben Lee,1:13,124,1,23,16.0,69.6,6.0,26.1,1.0,4.3,Brandon Boston Jr.,16,2,2023-2024,3.0,3,7.0,LAC,108,Bones Hyland,,,,,,,,,,,,,43:03,Amir Coffey,37:05,Mason Plumlee,35:15,Kobe Brown,27:56,P.J. Tucker,23:19,Xavier Moon,15:31,Daniel Theis,9:30,Terance Mann,8:26,,
0,.000,2,16.667,1,0.25,110,0,3,60.0,4,.333,4.0,40.0,10.0,12,2,1.000,2,16.667,Logos via Sports Logos.net / About logos,L,https://www.basketball-reference.com/boxscores/202404120LAC.html,Home,109,24:00,2,40.0,UTA,Kenneth Lofton Jr.,Omer Yurtseven,12:37,,,,,,,,,,,35:23,Talen Horton-Tucker,28:41,Keyonte George,28:18,Luka Šamanić,27:39,Darius Bazley,23:12,Taylor Hendricks,22:44,Johnny Juzang,22:43,Brice Sensabaugh,20:57,Jason Preston,17:46,110,4,10,8.0,80.0,0.0,0.0,2.0,20.0,Brandon Boston Jr.,1,1,2023-2024,1.0,4,5.0,LAC,109,Amir Coffey,James Harden,9:58,Russell Westbrook,9:00,Paul George,8:24,Terance Mann,5:06,,,,,30:56,Bones Hyland,29:47,Daniel Theis,26:49,P.J. Tucker,20:44,Kobe Brown,18:49,Xavier Moon,16:55,Norman Powell,15:36,Mason Plumlee,13:37,Ivica Zubac,10:19
2,.333,6,37.500,3,0.50,116,0,4,66.7,5,.313,3.0,30.0,10.0,16,3,.750,4,25.000,Logos via Sports Logos.net / About logos,L,https://www.basketball-reference.com/boxscores/202404140LAC.html,Home,105,30:53,2,33.3,HOU,Amen Thompson,Boban Marjanović,12:00,Reggie Bullock,5:56,Jermaine Samuels,4:46,,,,,,,39:55,Cam Whitmore,35:59,Jabari Smith Jr.,32:52,Jalen Green,22:40,Jeenathan Williams,21:29,Jock Landale,21:10,Aaron Holiday,16:44,Nate Hinton,13:59,Jeff Green,12:28,116,3,15,6.0,40.0,6.0,40.0,3.0,20.0,Brandon Boston Jr.,11,4,2023-2024,4.0,6,6.0,LAC,105,Xavier Moon,,,,,,,,,,,,,46:21,Kobe Brown,38:26,Amir Coffey,36:02,Daniel Theis,28:50,Terance Mann,27:40,Mason Plumlee,23:54,P.J. Tucker,7:54,,,,
0,,0,0.000,0,,90,0,0,0.0,1,.500,1.0,50.0,2.0,2,1,.500,2,100.000,Logos via Sports Logos.net / About logos,L,https://www.basketball-reference.com/boxscores/202404260DAL.html,Away,101,2:47,1,100.0,DAL,Luka Dončić,Dwight Powell,2:47,Jaden Hardy,2:47,A.J. Lawson,2:21,,,,,,,40:21,Kyrie Irving,36:35,P.J. Washington,34:12,Derrick Jones Jr.,27:14,Daniel Gafford,25:38,Josh Green,25:10,Maxi Kleber,15:55,Dereck Lively II,15:26,Dante Exum,11:34,101,0,3,2.0,66.7,0.0,0.0,1.0,33.3,Brandon Boston Jr.,11,0,2023-2024,0.0,0,1.0,LAC,90,James Harden,Bones Hyland,3:14,Kobe Brown,2:47,,,,,,,,,43:55,Ivica Zubac,32:17,Paul George,30:22,Norman Powell,30:21,Kawhi Leonard,24:32,Terance Mann,22:46,Russell Westbrook,19:14,Amir Coffey,17:30,Mason Plumlee,10:15
0,,0,0.000,1,,123,0,1,100.0,1,.500,1.0,50.0,2.0,2,0,,0,0.000,Logos via Sports Logos.net / About logos,L,https://www.basketball-reference.com/boxscores/202405010LAC.html,Home,93,5:40,0,0.0,DAL,Luka Dončić,A.J. Lawson,5:40,Jaden Hardy,5:39,Dwight Powell,4:24,,,,,,,39:03,Kyrie Irving,35:25,P.J. Washington,29:44,Derrick Jones Jr.,29:34,Dereck Lively II,24:32,Daniel Gafford,19:04,Maxi Kleber,19:02,Josh Green,17:52,Dante Exum,10:01,123,2,2,2.0,100.0,0.0,0.0,0.0,0.0,Brandon Boston Jr.,30,0,2023-2024,0.0,0,1.0,LAC,93,James Harden,Bones Hyland,7:25,Kobe Brown,5:39,Daniel Theis,4:24,,,,,,,32:54,Paul George,32:47,Terance Mann,31:39,Amir Coffey,26:38,Ivica Zubac,25:41,Norman Powell,24:22,Mason Plumlee,16:28,Russell Westbrook,15:57,P.J. Tucker,10:26
0,,0,,0,,101,0,0,,0,,0.0,,0.0,0,0,,0,,Logos via Sports Logos.net / About logos,L,https://www.basketball-reference.com/boxscores/202405030DAL.html,Away,114,1:14,0,,DAL,Luka Dončić,Jaden Hardy,1:14,A.J. Lawson,1:14,Dwight Powell,1:14,,,,,,,43:07,Kyrie Irving,42:18,Derrick Jones Jr.,36:05,P.J. Washington,34:43,Dereck Lively II,24:04,Daniel Gafford,22:28,Josh Green,21:27,Dante Exum,7:00,Maxi Kleber,5:06,114,0,0,0.0,,0.0,,0.0,,Brandon Boston Jr.,13,0,2023-2024,0.0,0,0.0,LAC,101,James Harden,Kobe Brown,1:14,Bones Hyland,1:14,,,,,,,,,43:22,Paul George,42:12,Terance Mann,38:38,Ivica Zubac,37:02,Norman Powell,35:58,P.J. Tucker,20:11,Russell Westbrook,9:06,Amir Coffey,8:19,Mason Plumlee,1:30
